strain,insertion: 1695bp @ ref pos 1773,insertion: 3bp @ ref pos 6209,insertion: 3bp @ ref pos 6247,insertion: 499bp @ ref pos 7607,insertion: 1bp @ ref pos 9324,insertion: 9bp @ ref pos 11279,insertion: 1bp @ ref pos 14464,insertion: 141bp @ ref pos 19916,insertion: 108bp @ ref pos 20064,insertion: 15bp @ ref pos 20685,insertion: 6bp @ ref pos 20867,insertion: 6bp @ ref pos 21716,insertion: 6bp @ ref pos 21732,insertion: 35bp @ ref pos 21772,insertion: 18bp @ ref pos 21922,insertion: 6bp @ ref pos 21926,insertion: 9bp @ ref pos 21980,insertion: 3bp @ ref pos 21991,insertion: 3bp @ ref pos 22009,insertion: 6bp @ ref pos 22013,insertion: 6bp @ ref pos 22026,insertion: 17bp @ ref pos 22188,insertion: 9bp @ ref pos 22204,insertion: 3bp @ ref pos 25699,insertion: 4bp @ ref pos 27384,insertion: 228bp @ ref pos 27506,insertion: 1bp @ ref pos 27511,insertion: 21bp @ ref pos 27527,insertion: 316bp @ ref pos 27889,insertion: 6bp @ ref pos 28241,insertion: 2bp @ ref pos 28251,insertion: 2bp @ ref pos 28252,insertion: 4bp @ ref pos 28262,insertion: 4bp @ ref pos 28269,insertion: 9bp @ ref pos 28286,insertion: 9bp @ ref pos 28360,insertion: 494bp @ ref pos 29372,insertion: 495bp @ ref pos 29377,insertion: 256bp @ ref pos 29604,insertion: 245bp @ ref pos 29629,insertion: 32bp @ ref pos 29637,insertion: 181bp @ ref pos 29686,insertion: 178bp @ ref pos 29693,insertion: 26bp @ ref pos 29732,insertion: 120bp @ ref pos 29748,insertion: 116bp @ ref pos 29752,insertion: 18bp @ ref pos 29859,insertion: 17bp @ ref pos 29903
USA/WA-S19154/2022,,,,TGT,,,,,,,,,,,,,,,,,,,GAGCCAGAA,,,,,,,,,,,,,,,,,,,,,,,,,
Italy/CAM-TIGEM-IZSM-COLLI-38717/2022,,,,,,CTAGTTTG,,,,,,,,,,,,,,,,,,,,,,,,,,,,,,,,,,,,,,,,,,
USA/DE-DHSS-B1090924/2021,,,,,,,T,,,,,,,C,,,,,,,,,,,,,,,,,,,,,,,,,,,,,,,,,,
USA/WA-PHL-007933/2021,,,,,,,,CCGTAATGGACAGAAGG,,,,,,,,,,,,,,,,,,,,,,,,,,,,,,,,,,,,,,,,
USA/WA-S5870/2021,,,,,,,,,,,,,,C,,,,,,,,,,,,,,,,,,,,,,,,,,,,,,,,,,
Mongolia/UB-301171/2021,,,,,,,,,,,,,,C,,,,,,,,,,,,,,,,,,,,,,,,,,,,,,,,,,
Ghana/WACCBIP-GS752/2021,,,,,,,,,,,,,,C,,,,,,,,,,,,,,,,,,,,,,,,,,,,,,,,,,
Poland/0866WSN2021_wsseol/2021,,,,,,,,,,,,,,C,,,,,,,,,,,,,,,,,,,,,,,,,,,,,,,,,,
USA/WA-CDC-QDX24713550/2021,,,,,,,,,,,,,,C,,,,,,,,,,,,,,,,,,,,,,,,,,,,,,,,,,
Sweden/3917852564/2021,,,,,,,,,,,,,,C,,,,,,,,,,,,,,,,,,,,,,,,,,,,,,,,,,
Albania/210901056/2020,,,,,,,,,,,,,,C,,,,,,,,,,,,,,,,,,,,,,,,,,,,,,,,,AGGAG,
USA/WA-S7536/2021,,,,,,,,,,,,,,C,,,,,,,,,,,,,,,,,,,,,,,,,,,,,,,,,,
USA/WA-S7577/2021,,,,,,,,,,,,,,C,,,,,,,,,,,,,,,,,,,,,,,,,,,,,,,,,,
USA/WA-S7617/2021,,,,,,,,,,,,,,C,,,,,,,,,,,,,,,,,,,,,,,,,,,,,,,,,,
USA/WA-S8194/2021,,,,,,,,,,,,,,C,,,,,,,,,,,,,,,,,,,,,,,,,,,,,,,,,,
USA/WA-S8189/2021,,,,,,,,,,,,,,C,,,,,,,,,,,,,,,,,,,,,,,,,,,,,,,,,,
USA/WA-S8195/2021,,,,,,,,,,,,,,C,,,,,,,,,,,,,,,,,,,,,,,,,,,,,,,,,,
USA/WA-S8284/2021,,,,,,,,,,,,,,C,,,,,,,,,,,,,,,,,,,,,,,,,,,,,,,,,,
USA/WA-S6119/2021,,,,,,,,,,,,,,C,,,,,,,,,,,,,,,,,,,,,,,,,,,,,,,,,,
USA/WA-S7534/2021,,,,,,,,,,,,,,C,,,,,,,,,,,,,,,,,,,,,,,,,,,,,,,,,,
USA/WA-S8180/2021,,,,,,,,,,,,,,C,,,,,,,,,,,,,,,,,,,,,,,,,,,,,,,,,,
USA/WA-S6100/2021,,,,,,,,,,,,,,C,,,,,,,,,,,,,,,,,,,,,,,,,,,,,,,,,,
USA/WA-S9320/2021,,,,,,,,,,,,,,C,,,,,,,,,,,,,,,,,,,,,,,,,,,,,,,,,,
USA/WA-PHL-001190/2021,,,,,,,,,,,,,,C,,,,,,,,,,,,,,,,,,,,,,,,,,,,,,,,,,
USA/WA-S5913/2021,,,,,,,,,,,,,,C,,,,,,,,,,,,,,,,,,,,,,,,,,,,,,,,,,
USA/WA-S5903/2021,,,,,,,,,,,,,,C,,,,,,,,,,,,,,,,,,,,,,,,,,,,,,,,,,
USA/WA-S8296/2021,,,,,,,,,,,,,,C,,,,,,,,,,,,,,,,,,,,,,,,,,,,,,,,,,
USA/WA-Altius-ALTCOV-GZVWTDMQHWUMJFWA/2021,,,,,,,,,,,,,,C,,,,,,,,,,,,,,,,,,,,,,,,,,,,,,,,,AG,
USA/WA-S6118/2021,,,,,,,,,,,,,,C,,,,,,,,,,,,,,,,,,,,,,,,,,,,,,,,,,
USA/WA-S8875/2021,,,,,,,,,,,,,,C,,,,,,,,,,,,,,,,,,,,,,,,,,,,,,,,,,
USA/WA-S9311/2021,,,,,,,,,,,,,,C,,,,,,,,,,,,,,,,,,,,,,,,,,,,,,,,,,
USA/WA-S9064/2021,,,,,,,,,,,,,,C,,,,,,,,,,,,,,,,,,,,,,,,,,,,,,,,,,
USA/WA-S6025/2021,,,,,,,,,,,,,,C,,,,,,,,,,,,,,,,,,,,,,,,,,,,,,,,,,
USA/WA-S7515/2021,,,,,,,,,,,,,,C,,,,,,,,,,,,,,,,,,,,,,,,,,,,,,,,,,
USA/WA-S10369/2021,,,,,,,,,,,,,,C,,,,,,,,,,,,,,,,,,,,,,,,,,,,,,,,,,
USA/WA-AG-10113088/2021,,,,,,,,,,,,,,C,,,,,,,,,,,,,,,,,,,,,,,,,,,,,,,,,,
USA/WA-S6323/2021,,,,,,,,,,,,,,C,,,,,,,,,,,,,,,,,,,,,,,,,,,,,,,,,,
USA/WA-S6265/2021,,,,,,,,,,,,,,C,,,,,,,,,,,,,,,,,,,,,,,,,,,,,,,,,,
USA/WA-S8823/2021,,,,,,,,,,,,,,C,,,,,,,,,,,,,,,,,,,,,,,,,,,,,,,,,,
USA/WA-S8839/2021,,,,,,,,,,,,,,C,,,,,,,,,,,,,,,,,,,,,,,,,,,,,,,,,,
USA/WA-S4755/2021,,,,,,,,,,,,,,C,,,,,,,,,,,,,,,,,,,,,,,,,,,,,,,,,AGG,
USA/WA-S8245/2021,,,,,,,,,,,,,,C,,,,,,,,,,,,,,,,,,,,,,,,,,,,,,,,,,
USA/WA-S7524/2021,,,,,,,,,,,,,,C,,,,,,,,,,,,,,,,,,,,,,,,,,,,,,,,,,
USA/WA-S6910/2021,,,,,,,,,,,,,,C,,,,,,,,,,,,,,,,,,,,,,,,CAA,,,,,,,,,,
USA/WA-S6915/2021,,,,,,,,,,,,,,C,,,,,,,,,,,,,,,,,,,,,,,,CAA,,,,,,,,,,
USA/WA-CDC-LC0069154/2021,,,,,,,,,,,,,,C,,,,,,,,,,,,,,,,,,,,,,,,,,,,,,,,,,
BosniaandHerzegovina/VFS-UNSA-LMGFI108/2021,,,,,,,,,,,,,,C,,,,,,,,,,,,,,,,,,,,,,,,,,,,,,,,,C,
USA/WA-PHL-000254/2021,,,,,,,,,,,,,,C,,,,,,,,,,,,,,,,,,,,,,,,,,,,,,,,,AG,
USA/WA-S9726/2021,,,,,,,,,,,,,,C,,,,,,,,,,,,,,,,,,,,,,,,,,,,,,,,,,
USA/WA-S8622/2021,,,,,,,,,,,,,,C,,,,,,,,,,,,,,,,,,,,,,,,,,,,,,,,,,
USA/WA-PHL-000778/2021,,,,,,,,,,,,,,C,,,,,,,,,,,,,,,,,,,,,,,,,,,,,,,,,,
Mauritius/P6146/2021,,,,,,,,,,,,,,C,,,,,,,,,,,,,,,,,,,,,,,,,,,,,,,,,,
USA/WA-UW-65754/2021,,,,,,,,,,,,,,C,,,,,,,,,,,,,,,,,,,,,,,,,,,,,,,,,,
USA/WA-CDC-UW21042919476/2021,,,,,,,,,,,,,,C,,,,,,,,,,,,,,,,,,,,,,,,,,,,,,,,,,
USA/WA-UW-2021040813776/2021,,,,,,,,,,,,,,C,,,,,,,,,,,,,,,,,,,,,,,,,,,,,,,,,,
USA/WA-MG_LHLV_UK3/2021,,,,,,,,,,,,,,C,,,,,,,,,,,,,,,,,,,,,,,,,,,,,,,,,,
USA/WA-CDC-UW21051590699/2021,,,,,,,,,,,,,,C,,,,,,,,,,,,,,,,,,,,,,,,,,,,,,,,,,
USA/WA-CDC-UW21050437539/2021,,,,,,,,,,,,,,C,,,,,,,,,,,,,,,,,,,,,,,,,,,,,,,,,,
USA/WA-UW-21052723633/2021,,,,,,,,,,,,,,C,,,,,,,,,,,,,,,,,,,,,,,,,,,,,,,,,,
USA/WA-UW-68691/2021,,,,,,,,,,,,,,C,,,,,,,,,,,,,,,,,,,,,,,,,,,,,,,,,,
USA/WA-CDC-UW21050107030/2021,,,,,,,,,,,,,,C,,,,,,,,,,,,,,,,,,,,,,,,,,,,,,,,,,
USA/WA-UW-21043058187/2021,,,,,,,,,,,,,,C,,,,,,,,,,,,,,,,,,,,,,,,,,,,,,,,,,
USA/WA-CDC-UW21052231390/2021,,,,,,,,,,,,,,C,,,,,,,,,,,,,,,,,,,,,,,,,,,,,,,,,,
USA/WA-UW-21043081585/2021,,,,,,,,,,,,,,C,,,,,,,,,,,,,,,,,,,,,,,,,,,,,,,,,,
USA/WA-CDC-UW21062188762/2021,,,,,,,,,,,,,,C,,,,,,,,,,,,,,,,,,,,,,,,,,,,,,,,,,
USA/WA-CDC-UW21051561538/2021,,,,,,,,,,,,,,C,,,,,,,,,,,,,,,,,,,,,,,,,,,,,,,,,,
USA/WA-CDC-UW21051757875/2021,,,,,,,,,,,,,,C,,,,,,,,,,,,,,,,,,,,,,,,,,,,,,,,,,
USA/WA-UW-21042624324/2021,,,,,,,,,,,,,,C,,,,,,,,,,,,,,,,,,,,,,,,,,,,,,,,,,
USA/WA-UW-202106010166/2021,,,,,,,,,,,,,,C,,,,,,,,,,,,,,,,,,,,,,,,,,,,,,,,,,
USA/WA-S8827/2021,,,,,,,,,,,,,,C,,,,,,,,,,,,,,,,,,,,,,,,,,,,,,,,,,
USA/WA-S8285/2021,,,,,,,,,,,,,,C,,,,,,,,,,,,,,,,,,,,,,,,,,,,,,,,,,
USA/WA-S9357/2021,,,,,,,,,,,,,,C,,,,,,,,,,,,,,,,,,,,,,,,,,,,,,,,,,
USA/WA-S6934/2021,,,,,,,,,,,,,,C,,,,,,,,,,,,,,,,,,,,,,,,,,,,,,,,,,
USA/WA-S7499/2021,,,,,,,,,,,,,,C,,,,,,,,,,,,,,,,,,,,,,,,,,,,,,,,,,
USA/WA-S7539/2021,,,,,,,,,,,,,,C,,,,,,,,,,,,,,,,,,,,,,,,,,,,,,,,,,
USA/WA-S8858/2021,,,,,,,,,,,,,,C,,,,,,,,,,,,,,,,,,,,,,,,,,,,,,,,,,
USA/WA-S9032/2021,,,,,,,,,,,,,,C,,,,,,,,,,,,,,,,,,,,,,,,,,,,,,,,,,
USA/WA-S7616/2021,,,,,,,,,,,,,,C,,,,,,,,,,,,,,,,,,,,,,,,,,,,,,,,,,
USA/WA-S5826/2021,,,,,,,,,,,,,,C,,,,,,,,,,,,,,,,,,,,,,,,,,,,,,,,,,
USA/WA-S8237/2021,,,,,,,,,,,,,,C,,,,,,,,,,,,,,,,,,,,,,,,,,,,,,,,,,
USA/WA-S5403/2021,,,,,,,,,,,,,,C,,,,,,,,,,,,,,,,,,,,,,,,,,,,,,,,,,
USA/WA-S9313/2021,,,,,,,,,,,,,,C,,,,,,,,,,,,,,,,,,,,,,,,,,,,,,,,,,
USA/WA-S9323/2021,,,,,,,,,,,,,,C,,,,,,,,,,,,,,,,,,,,,,,,,,,,,,,,,,
USA/WA-S5893/2021,,,,,,,,,,,,,,C,,,,,,,,,,,,,,,,,,,,,,,,CAA,,,,,,,,,,
USA/WA-S5873/2021,,,,,,,,,,,,,,C,,,,,,,,,,,,,,,,,,,,,,,,CAA,,,,,,,,,,
USA/WA-S9240/2021,,,,,,,,,,,,,,C,,,,,,,,,,,,,,,,,,,,,,,,,,,,,,,,,,
Norway/4795/2021,,,,,,,,,,,,,,C,,,,,,,,,,,,,,,,,,,,,,,,,,,,,,,,,,
USA/WA-S5728/2021,,,,,,,,,,,,,,C,,,,,,,,,,,,,,,,,,,,,,,,,,,,,,,,,,
USA/WA-S6909/2021,,,,,,,,,,,,,,C,,,,,,,,,,,,,,,,,,,,,,,,,,,,,,,,,,
USA/WA-S7538/2021,,,,,,,,,,,,,,C,,,,,,,,,,,,,,,,,,,,,,,,,,,,GAGTACGATCGAGTGT,,,,,,
USA/WA-S6113/2021,,,,,,,,,,,,,,C,,,,,,,,,,,,,,,,,,,,,,,,,,,,,,,,,,
USA/WA-S6219/2021,,,,,,,,,,,,,,C,,,,,,,,,,,,,,,,,,,,,,,,,,,,,,,,,,
USA/WA-S6127/2021,,,,,,,,,,,,,,C,,,,,,,,,,,,,,,,,,,,,,,,,,,,,,,,,,
USA/WA-S10378/2021,,,,,,,,,,,,,,C,,,,,,,,,,,,,,,,,,,,,,,,,,,,,,,,,,
USA/WA-S8824/2021,,,,,,,,,,,,,,C,,,,,,,,,,,,,,,,,,,,,,,,,,,,,,,,,,
USA/WA-S15603/2021,,,,,,,,,,,,,,,,AC,,,,,,,,,,,,,,,,,,,,,,,,,,,,,,,,
USA/WA-Curative-294676/2022,,,,,,,,,,,,,,,,,G,,,,,,,,,,,,,,,,,,,,,,,,,,,,,,,
USA/WA-Curative-259757/2022,,,,,,,,,,,,,,,,,G,,,,,,,,,,,,,,,,,,,,,,,,,,,,,,,
USA/WA-S9048/2021,,,,,,,,,,,,,,,,,,ACT,,,,,,,,,,,,,,,,,,,,,,,,,,,,,,
USA/WA-S19522/2021,,,,,,,,,,,,,,,,,,,,A,,,,,,,,,,,,,,,,,,,,,,,,,,,,
USA/WA-CDC-UW22030636460/2022,,,,,,,,,,,,,,,,,,,,,,TAT,GAGCCAGAA,,,,,,,,,,,,,,,,,,,,,,,,,
SouthKorea/GJ-HERI-A0633/2022,,,,,,,,,,,,,,,,,,,,,,,GAGCCAGAA,,,,,,,,,,,,,,,,,,,,,,,,,
USA/WA-PHL-008023/2021,,,,,,,,,,,,,,,,,,,,,,,GAGCCAGAA,,,,,,,,,,,,,,,,,,,,,,,,,
USA/WA-PHL-009234/2021,,,,,,,,,,,,,,,,,,,,,,,GAGCCAGAA,,,,,,,,,,,,,,,,,,,,,,,,,
USA/WA-S20886/2022,,,,,,,,,,,,,,,,,,,,,,,GAGCCAGAA,,,,,,,,,,,,,,,,,,,,,,,,,
USA/WA-S15930/2021,,,,,,,,,,,,,,,,,,,,,,,GAGCCAGAA,,,,,,,,,,,,,,,,,,,,,,,,,
USA/WA-S20808/2022,,,,,,,,,,,,,,,,,,,,,,,GAGCCAGAA,,,,,,,,,,,,,,,,,,,,,,,,,
USA/WA-S15973/2021,,,,,,,,,,,,,,,,,,,,,,,GAGCCAGAA,,,,,,,,,,,,,,,,,,,,,,,,,
USA/WA-S17316/2022,,,,,,,,,,,,,,,,,,,,,,,GAGCCAGAA,,,,,,,,,,,,,,,,,,,,,,,,,
USA/WA-S18536/2022,,,,,,,,,,,,,,,,,,,,,,,GAGCCAGAA,,,,,,,,,,,,,,,,,,,,,,,,,
USA/WA-S18436/2022,,,,,,,,,,,,,,,,,,,,,,,GAGCCAGAA,,,,,,,,,,,,,,,,,,,,,,,,,
USA/WA-S19041/2022,,,,,,,,,,,,,,,,,,,,,,,GAGCCAGAA,,,,,,,,,,,,,,,,,,,,,,,,,
USA/WA-S19277/2022,,,,,,,,,,,,,,,,,,,,,,,GAGCCAGAA,,,,,,,,,,,,,,,,,,,,,,,,,
USA/WA-S19089/2022,,,,,,,,,,,,,,,,,,,,,,,GAGCCAGAA,,,,,,,,,,,,,,,,,,,,,,,,,
USA/WA-S19063/2022,,,,,,,,,,,,,,,,,,,,,,,GAGCCAGAA,,,,,,,,,,,,,,,,,,,,,,,,,
USA/WA-S18594/2022,,,,,,,,,,,,,,,,,,,,,,,GAGCCAGAA,,,,,,,,,,,,,,,,,,,,,,,,,
USA/WA-S19164/2022,,,,,,,,,,,,,,,,,,,,,,,GAGCCAGAA,,,,,,,,,,,,,,,,,,,,,,,,,
USA/WA-S15805/2021,,,,,,,,,,,,,,,,,,,,,,,GAGCCAGAA,,,,,,,,,,,,,,,,,,,,,,,,,
USA/WA-S18860/2022,,,,,,,,,,,,,,,,,,,,,,,GAGCCAGAA,,,,,,,,,,,,,,,,,,,,,,,,,
USA/WA-S16218/2021,,,,,,,,,,,,,,,,,,,,,,,GAGCCAGAA,,,,,,,,,,,,,,,,,,,,,,,,,
USA/WA-S16264/2022,,,,,,,,,,,,,,,,,,,,,,,GAGCCAGAA,,,,,,,,,,,,,,,,,,,,,,,,,
USA/WA-S18511/2022,,,,,,,,,,,,,,,,,,,,,,,GAGCCAGAA,,,,,,,,,,,,,,,,,,,,,,,,,
USA/WA-S18554/2022,,,,,,,,,,,,,,,,,,,,,,,GAGCCAGAA,,,,,,,,,,,,,,,,,,,,,,,,,
USA/WA-S20804/2022,,,,,,,,,,,,,,,,,,,,,,,GAGCCAGAA,,,,,,,,,,,,,,,,,,,,,,,,,
USA/WA-S19460/2022,,,,,,,,,,,,,,,,,,,,,,,GAGCCAGAA,,,,,,,,,,,,,,,,,,,,,,,,,
USA/WA-S15743/2021,,,,,,,,,,,,,,,,,,,,,,,GAGCCAGAA,,,,,,,,,,,,,,,,,,,,,,,,,
USA/WA-S15762/2021,,,,,,,,,,,,,,,,,,,,,,,GAGCCAGAA,,,,,,,,,,,,,,,,,,,,,,,,,
USA/WA-S16395/2022,,,,,,,,,,,,,,,,,,,,,,,GAGCCAGAA,,,,,,,,,,,,,,,,,,,,,,,,,
USA/WA-S15800/2021,,,,,,,,,,,,,,,,,,,,,,,GAGCCAGAA,,,,,,,,,,,,,,,,,,,,,,,,,
USA/WA-S18286/2021,,,,,,,,,,,,,,,,,,,,,,,GAGCCAGAA,,,,,,,,,,,,,,,,,,,,,,,,,
USA/WA-S18556/2022,,,,,,,,,,,,,,,,,,,,,,,GAGCCAGAA,,,,,,,,,,,,,,,,,,,,,,,,,
USA/WA-S16331/2022,,,,,,,,,,,,,,,,,,,,,,,GAGCCAGAA,,,,,,,,,,,,,,,,,,,,,,,,,
USA/WA-S16981/2022,,,,,,,,,,,,,,,,,,,,,,,GAGCCAGAA,,,,,,,,,,,,,,,,,,,,,,,,,
USA/WA-S19338/2021,,,,,,,,,,,,,,,,,,,,,,,GAGCCAGAA,,,,,,,,,,,,,,,,,,,,,,,,,
USA/WA-S18200/2022,,,,,,,,,,,,,,,,,,,,,,,GAGCCAGAA,,,,,,,,,,,,,,,,,,,,,,,,,
USA/WA-S16191/2021,,,,,,,,,,,,,,,,,,,,,,,GAGCCAGAA,,,,,,,,,,,,,,,,,,,,,,,,,
USA/WA-S20188/2022,,,,,,,,,,,,,,,,,,,,,,,GAGCCAGAA,,,,,,,,,,,,,,,,,,,,,,,,,
USA/WA-S18800/2022,,,,,,,,,,,,,,,,,,,,,,,GAGCCAGAA,,,,,,,,,,,,,,,,,,,,,,,,,
USA/WA-S18530/2022,,,,,,,,,,,,,,,,,,,,,,,GAGCCAGAA,,,,,,,,,,,,,,,,,,,,,,,,,
USA/WA-S18958/2022,,,,,,,,,,,,,,,,,,,,,,,GAGCCAGAA,,,,,,,,,,,,,,,,,,,,,,,,,
USA/WA-S15982/2021,,,,,,,,,,,,,,,,,,,,,,,GAGCCAGAA,,,,,,,,,,,,,,,,,,,,,,,,,
USA/WA-S15933/2021,,,,,,,,,,,,,,,,,,,,,,,GAGCCAGAA,,,,,,,,,,,,,,,,,,,,,,,,,
USA/WA-S15877/2021,,,,,,,,,,,,,,,,,,,,,,,GAGCCAGAA,,,,,,,,,,,,,,,,,,,,,,,,,
USA/WA-S15928/2021,,,,,,,,,,,,,,,,,,,,,,,GAGCCAGAA,,,,,,,,,,,,,,,,,,,,,,,,,
USA/WA-S16070/2022,,,,,,,,,,,,,,,,,,,,,,,GAGCCAGAA,,,,,,,,,,,,,,,,,,,,,,,,,
USA/WA-PHL-015535/2022,,,,,,,,,,,,,,,,,,,,,,,GAGCCAGAA,,,,,,,,,,,,,,,,,,,,,,,,,
USA/WA-PHL-016937/2022,,,,,,,,,,,,,,,,,,,,,,,GAGCCAGAA,,,,,,,,,,,,,,,,,,,,,,,,,
USA/WA-PHL-012817/2022,,,,,,,,,,,,,,,,,,,,,,,GAGCCAGAA,,,,,,,,,,,,,,,,,,,,,,,,,
USA/WA-S16185/2021,,,,,,,,,,,,,,,,,,,,,,,GAGCCAGAA,,,,,,,,,,,,,,,,,,,,,,,,,
USA/WA-S15923/2021,,,,,,,,,,,,,,,,,,,,,,,GAGCCAGAA,,,,,,,,,,,,,,,,,,,,,,,,,
USA/WA-S16011/2021,,,,,,,,,,,,,,,,,,,,,,,GAGCCAGAA,,,,,,,,,,,,,,,,,,,,,,,,,
USA/WA-S16138/2022,,,,,,,,,,,,,,,,,,,,,,,GAGCCAGAA,,,,,,,,,,,,,,,,,,,,,,,,,
USA/WA-PHL-010252/2022,,,,,,,,,,,,,,,,,,,,,,,GAGCCAGAA,,,,,,,,,,,,,,,,,,,,,,,,,
USA/WA-PHL-013950/2022,,,,,,,,,,,,,,,,,,,,,,,GAGCCAGAA,,,,,,,,,,,,,,,,,,,,,,,,,
USA/WA-PHL-015450/2022,,,,,,,,,,,,,,,,,,,,,,,GAGCCAGAA,,,,,,,,,,,,,,,,,,,,,,,,,
USA/WA-PHL-010760/2022,,,,,,,,,,,,,,,,,,,,,,,GAGCCAGAA,,,,,,,,,,,,,,,,,,,,,,,,,
USA/WA-PHL-014809/2022,,,,,,,,,,,,,,,,,,,,,,,GAGCCAGAA,,,,,,,,,,,,,,,,,,,,,,,,,
USA/WA-PHL-014859/2022,,,,,,,,,,,,,,,,,,,,,,,GAGCCAGAA,,,,,,,,,,,,,,,,,,,,,,,,,
USA/WA-PHL-014798/2022,,,,,,,,,,,,,,,,,,,,,,,GAGCCAGAA,,,,,,,,,,,,,,,,,,,,,,,,,
USA/WA-PHL-010892/2022,,,,,,,,,,,,,,,,,,,,,,,GAGCCAGAA,,,,,,,,,,,,,,,,,,,,,,,,,
USA/WA-PHL-010001/2022,,,,,,,,,,,,,,,,,,,,,,,GAGCCAGAA,,,,,,,,,,,,,,,,,,,,,,,,,
USA/WA-PHL-014873/2022,,,,,,,,,,,,,,,,,,,,,,,GAGCCAGAA,,,,,,,,,,,,,,,,,,,,,,,,,
USA/WA-PHL-014480/2022,,,,,,,,,,,,,,,,,,,,,,,GAGCCAGAA,,,,,,,,,,,,,,,,,,,,,,,,,
USA/WA-PHL-014979/2022,,,,,,,,,,,,,,,,,,,,,,,GAGCCAGAA,,,,,,,,,,,,,,,,,,,,,,,,,
USA/WA-PHL-014736/2022,,,,,,,,,,,,,,,,,,,,,,,GAGCCAGAA,,,,,,,,,,,,,,,,,,,,,,,,,
USA/WA-PHL-010905/2022,,,,,,,,,,,,,,,,,,,,,,,GAGCCAGAA,,,,,,,,,,,,,,,,,,,,,,,,,
USA/WA-S15829/2021,,,,,,,,,,,,,,,,,,,,,,,GAGCCAGAA,,,,,,,,,,,,,,,,,,,,,,,,,
USA/WA-PHL-008500/2021,,,,,,,,,,,,,,,,,,,,,,,GAGCCAGAA,,,,,,,,,,,,,,,,,,,,,,,,,
USA/WA-S16878/2022,,,,,,,,,,,,,,,,,,,,,,,GAGCCAGAA,,,,,,,,,,,,,,,,,,,,,,,,,
USA/WA-ALTCOV-QBRCYQ2KOZRYVRWQ/2021,,,,,,,,,,,,,,,,,,,,,,,GAGCCAGAA,,,,,,,,,,,,,,,,,,,,,,,,AG,
USA/WA-S19417/2022,,,,,,,,,,,,,,,,,,,,,,,GAGCCAGAA,,,,,,,,,,,,,,,,,,,,,,,,,
USA/WA-S17155/2022,,,,,,,,,,,,,,,,,,,,,,,GAGCCAGAA,,,,,,,,,,,,,,,,,,,,,,,,,
USA/WA-S20859/2022,,,,,,,,,,,,,,,,,,,,,,,GAGCCAGAA,,,,,,,,,,,,,,,,,,,,,,,,,
USA/WA-S18025/2022,,,,,,,,,,,,,,,,,,,,,,,GAGCCAGAA,,,,,,,,,,,,,,,,,,,,,,,,,
USA/WA-S17967/2022,,,,,,,,,,,,,,,,,,,,,,,GAGCCAGAA,,,,,,,,,,,,,,,,,,,,,,,,,
USA/WA-PHL-014115/2022,,,,,,,,,,,,,,,,,,,,,,,GAGCCAGAA,,,,,,,,,,,,,,,,,,,,,,,,,
USA/WA-PHL-014028/2022,,,,,,,,,,,,,,,,,,,,,,,GAGCCAGAA,,,,,,,,,,,,,,,,,,,,,,,,,
USA/WA-S20669/2021,,,,,,,,,,,,,,,,,,,,,,,GAGCCAGAA,,,,,,,,,,,,,,,,,,,,,,,,,
USA/WA-S20667/2021,,,,,,,,,,,,,,,,,,,,,,,GAGCCAGAA,,,,,,,,,,,,,,,,,,,,,,,,,
USA/WA-S16349/2022,,,,,,,,,,,,,,,,,,,,,,,GAGCCAGAA,,,,,,,,,,,,,,,,,,,,,,,,,
USA/WA-PHL-010280/2022,,,,,,,,,,,,,,,,,,,,,,,GAGCCAGAA,,,,,,,,,,,,,,,,,,,,,,,,,
Namibia/N30836/2021,,,,,,,,,,,,,,,,,,,,,,,GAGCCAGAA,,,,,,,,,,,,,,,,,,,,,,,,,
CostaRica/INC-3550-748428/2022,,,,,,,,,,,,,,,,,,,,,,,GAGCCAGAA,,,,,,,,,,,,,,,,,,,,,,,,,
USA/WA-PHL-015193/2022,,,,,,,,,,,,,,,,,,,,,,,GAGCCAGAA,,,,,,,,,,,,,,,,,,,,,,,,,
Poland/PZH-UMB-13962/2022,,,,,,,,,,,,,,,,,,,,,,,GAGCCAGAA,,,,,,,,,,,,,,,,,,,,,,AG,,,
USA/WA-S15721/2021,,,,,,,,,,,,,,,,,,,,,,,GAGCCAGAA,,,,,,,,,,,,,,,,,,,,,,,,,
USA/WA-S16999/2022,,,,,,,,,,,,,,,,,,,,,,,GAGCCAGAA,,,,,,,,,,,,,,,,,,,,,,,,,
USA/WA-CDC-LC0484369/2022,,,,,,,,,,,,,,,,,,,,,,,GAGCCAGAA,,,,,,,,,,,,,,,,,,,,,,,,,
USA/WA-CDC-LC0514170/2022,,,,,,,,,,,,,,,,,,,,,,,GAGCCAGAA,,,,,,,,,,,,,,,,,,,,,,,,,
USA/WA-CDC-UW22010411867/2022,,,,,,,,,,,,,,,,,,,,,,,GAGCCAGAA,,,,,,,,,,,,,,,,,,,,,,,,,
USA/WA-UW-22022145831/2022,,,,,,,,,,,,,,,,,,,,,,,GAGCCAGAA,,,,,,,,,,,,,,,,,,,,,,,,,
USA/WA-CDC-UW22030556255/2022,,,,,,,,,,,,,,,,,,,,,,,GAGCCAGAA,,,,,,,,,,,,,,,,,,,,,,,,,
USA/WA-UW-22031480461/2022,,,,,,,,,,,,,,,,,,,,,,,GAGCCAGAA,,,,,,,,,,,,,,,,,,,,,,,,,
USA/WA-UW-22021532886/2022,,,,,,,,,,,,,,,,,,,,,,,GAGCCAGAA,,,,,,,,,,,,,,,,,,,,,,,,,
USA/WA-CDC-LC0528851/2022,,,,,,,,,,,,,,,,,,,,,,,GAGCCAGAA,,,,,,,,,,,,,,,,,,,,,,,,,
USA/WA-S18534/2022,,,,,,,,,,,,,,,,,,,,,,,GAGCCAGAA,,,,,,,,,,,,,,,,,,,,,,,,,
USA/WA-S18624/2022,,,,,,,,,,,,,,,,,,,,,,,GAGCCAGAA,,,,,,,,,,,,,,,,,,,,,,,,,
USA/WA-S19202/2022,,,,,,,,,,,,,,,,,,,,,,,GAGCCAGAA,,,,,,,,,,,,,,,,,,,,,,,,,
USA/WA-S19227/2022,,,,,,,,,,,,,,,,,,,,,,,GAGCCAGAA,,,,,,,,,,,,,,,,,,,,,,,,,
USA/WA-S19234/2022,,,,,,,,,,,,,,,,,,,,,,,GAGCCAGAA,,,,,,,,,,,,,,,,,,,,,,,,,
USA/WA-S19445/2022,,,,,,,,,,,,,,,,,,,,,,,GAGCCAGAA,,,,,,,,,,,,,,,,,,,,,,,,,
USA/WA-S17686/2022,,,,,,,,,,,,,,,,,,,,,,,GAGCCAGAA,,,,,,,,TG,,,,,,,,,,,,,,,,,
USA/WA-S17811/2021,,,,,,,,,,,,,,,,,,,,,,,GAGCCAGAA,,,,,,,,,,,,,,,,,,,,,,,,,
USA/WA-S19065/2022,,,,,,,,,,,,,,,,,,,,,,,GAGCCAGAA,,,,,,,,,,,,,,,,,,,,,,,,,
USA/WA-S19491/2022,,,,,,,,,,,,,,,,,,,,,,,GAGCCAGAA,,,,,,,,,,,,,,,,,,,,,,,,,
USA/WA-S19039/2022,,,,,,,,,,,,,,,,,,,,,,,GAGCCAGAA,,,,,,,,,,,,,,,,,,,,,,,,,
USA/WA-S15755/2021,,,,,,,,,,,,,,,,,,,,,,,GAGCCAGAA,,,,,,,,,,,,,,,,,,,,,,,,,
USA/WA-S18611/2022,,,,,,,,,,,,,,,,,,,,,,,GAGCCAGAA,,,,,,,,,,,,,,,,,,,,,,,,,
USA/WA-S18621/2022,,,,,,,,,,,,,,,,,,,,,,,GAGCCAGAA,,,,,,,,,,,,,,,,,,,,,,,,,
USA/WA-S18615/2022,,,,,,,,,,,,,,,,,,,,,,,GAGCCAGAA,,,,,,,,,,,,,,,,,,,,,,,,,
USA/WA-S18636/2022,,,,,,,,,,,,,,,,,,,,,,,GAGCCAGAA,,,,,,,,,,,,,,,,,,,,,,,,,
USA/WA-S18638/2022,,,,,,,,,,,,,,,,,,,,,,,GAGCCAGAA,,,,,,,,,,,,,,,,,,,,,,,,,
USA/WA-S18342/2022,,,,,,,,,,,,,,,,,,,,,,,GAGCCAGAA,,,,,,,,,,,,,,,,,,,,,,,,,
USA/WA-S19085/2022,,,,,,,,,,,,,,,,,,,,,,,GAGCCAGAA,,,,,,,,,,,,,,,,,,,,,,,,,
USA/WA-S19119/2022,,,,,,,,,,,,,,,,,,,,,,,GAGCCAGAA,,,,,,,,,,,,,,,,,,,,,,,,,
USA/WA-S17000/2022,,,,,,,,,,,,,,,,,,,,,,,GAGCCAGAA,,,,,,,,,,,,,,,,,,,,,,,,,
USA/WA-S17681/2022,,,,,,,,,,,,,,,,,,,,,,,GAGCCAGAA,,,,,,,,,,,,,,,,,,,,,,,,,
USA/WA-CDC-LC0445842/2021,,,,,,,,,,,,,,,,,,,,,,,GAGCCAGAA,,,,,,,,,,,,,,,,,,,,,,,,,
USA/WA-PHL-012624/2022,,,,,,,,,,,,,,,,,,,,,,,GAGCCAGAA,,,,,,,,,,,,,,,,,,,,,,,,,
USA/WA-PHL-017007/2022,,,,,,,,,,,,,,,,,,,,,,,GAGCCAGAA,,,,,,,,,,,,,,,,,,,,,,,,,
USA/WA-PHL-017400/2022,,,,,,,,,,,,,,,,,,,,,,,GAGCCAGAA,,,,,,,,,,,,,,,,,,,,,,,,,
USA/WA-PHL-015944/2022,,,,,,,,,,,,,,,,,,,,,,,GAGCCAGAA,,,,,,,,,,,,,,,,,,,,,,,,,
USA/WA-PHL-015932/2022,,,,,,,,,,,,,,,,,,,,,,,GAGCCAGAA,,,,,,,,,,,,,,,,,,,,,,,,,
USA/WA-PHL-017335/2022,,,,,,,,,,,,,,,,,,,,,,,GAGCCAGAA,,,,,,,,,,,,,,,,,,,,,,,,,
USA/WA-CDC-UW22021102831/2022,,,,,,,,,,,,,,,,,,,,,,,GAGCCAGAA,,,,,,,,,,,,,,,,,,,,,,,,,
USA/WA-UW-22030690099/2022,,,,,,,,,,,,,,,,,,,,,,,GAGCCAGAA,,,,,,,,,,,,,,,,,,,,,,,,,
Netherlands/NH-inBiome-210977/2022,,,,,,,,,,,,,,,,,,,,,,,GAGCCAGAA,,,,,,,,,,,,,,,,,,,,,,,,,
USA/WA-S19262/2022,,,,,,,,,,,,,,,,,,,,,,,GAGCCAGAA,,,,,,,,,,,,,,,,,,,,,,,,,
USA/WA-PHL-005684/2021,,,,,,,,,,,,,,,,,,,,,,,,CCC,,,,,,,,,,,,,,,,,,,,,,,,
USA/WA-S19096/2021,,,,,,,,,,,,,,,,,,,,,,,,CCC,,,,,,,,,,,,,,,,,,,,,,,,
Kyrgyzstan/NRL-28168/2020,,,,,,,,,,,,,,,,,,,,,,,,,TCTC,,,,,,,,,,,,,,,,,,,,,,,
USA/WA-S20166/2022,,,,,,,,,,,,,,,,,,,,,,,,,C,,,,,,,,,,,,,,,,,,,C,,,,
Japan/PG-11134/2020,,,,,,,,,,,,,,,,,,,,,,,,,,TTTCTTATTGTTGCGGCAATAGTGTTTATAACACTTTGCTT,,,,,,,,,,,,,,,,,,,,,,
USA/WA-S6522/2021,,,,,,,,,,,,,,,,,,,,,,,,,,,,,AC,,,,,,,,,,,,,,,,,,,
USA/WA-CDC-UW21070565149/2021,,,,,,,,,,,,,,,,,,,,,,,,,,,,,,GTTTTA,,,,,,,,,,,,,,,,,,
USA/WA-UW-21042742142/2021,,,,,,,,,,,,,,,,,,,,,,,,,,,,,,GTTTTA,,,,,,,,,,,,,,,,,,
USA/WA-S5411/2021,,,,,,,,,,,,,,,,,,,,,,,,,,,,,,,TG,,,,,,,,,,,,,,,,,
USA/WA-S5617/2021,,,,,,,,,,,,,,,,,,,,,,,,,,,,,,,TG,,,,,,,,,,,,,,,,,
USA/WA-S3732/2020,,,,,,,,,,,,,,,,,,,,,,,,,,,,,,,TG,,,,,,,,,,,,,,,,,
Bahrain/900819740/2021,,,,,,,,,,,,,,,,,,,,,,,,,,,,,,,,G,,,,,,,,,,,,,,,,
USA/WA-CDC-LC0059859/2021,,,,,,,,,,,,,,,,,,,,,,,,,,,,,,,,,AACA,,,,,,,,,,,,,,,
USA/WA-S6918/2021,,,,,,,,,,,,,,,,,,,,,,,,,,,,,,,,,,AAAC,,,,,,,,,,,,,,
USA/WA-S9057/2021,,,,,,,,,,,,,,,,,,,,,,,,,,,,,,,,,,AAAC,,,,,,,,,,,,,,
USA/WA-S8453/2021,,,,,,,,,,,,,,,,,,,,,,,,,,,,,,,,,,AAAC,,,,,,,,,,,,,,
USA/WA-Altius-ALTCOV-PUNHGHPYVERVM6XJ/2021,,,,,,,,,,,,,,,,,,,,,,,,,,,,,,,,,,AAAC,,,,,,,,,,,,,,
USA/WA-S8424/2021,,,,,,,,,,,,,,,,,,,,,,,,,,,,,,,,,,AAAC,,,,,,,,,,,,,,
USA/WA-S8140/2021,,,,,,,,,,,,,,,,,,,,,,,,,,,,,,,,,,AAAC,,,,,,,,,,,,,,
USA/WA-UW-2021041144326/2021,,,,,,,,,,,,,,,,,,,,,,,,,,,,,,,,,,AAAC,,,,,,,,,,,,,,
USA/WA-UW-21062194513/2021,,,,,,,,,,,,,,,,,,,,,,,,,,,,,,,,,,AAAC,,,,,,,,,,,,,,
USA/WA-S9516/2021,,,,,,,,,,,,,,,,,,,,,,,,,,,,,,,,,,AAAC,,,,,,,,,,,,,,
USA/WA-UW-21042207488/2021,,,,,,,,,,,,,,,,,,,,,,,,,,,,,,,,,,AAAC,,,,,,,,,,,,,,
USA/WA-CDC-UW21060236301/2021,,,,,,,,,,,,,,,,,,,,,,,,,,,,,,,,,,AAAC,,,,,,,,,,,,,,
USA/WA-CDC-UW21062154528/2021,,,,,,,,,,,,,,,,,,,,,,,,,,,,,,,,,,AAAC,,,,,,,,,,,,,,
USA/WA-UW-21042829239/2021,,,,,,,,,,,,,,,,,,,,,,,,,,,,,,,,,,AAAC,,,,,,,,,,,,,,
USA/WA-S8642/2021,,,,,,,,,,,,,,,,,,,,,,,,,,,,,,,,,,AAAC,,,,,,,,,,,,,,
USA/WA-S8660/2021,,,,,,,,,,,,,,,,,,,,,,,,,,,,,,,,,,AAAC,,,,,,,,,,,,,,
USA/WA-S8774/2021,,,,,,,,,,,,,,,,,,,,,,,,,,,,,,,,,,AAAC,,,,,,,,,,,,,,
USA/WA-S9560/2021,,,,,,,,,,,,,,,,,,,,,,,,,,,,,,,,,,AAAC,,,,,,,,,,,,,,
USA/WA-S9583/2021,,,,,,,,,,,,,,,,,,,,,,,,,,,,,,,,,,AAAC,,,,,,,,,,,,,,
USA/WA-S6988/2021,,,,,,,,,,,,,,,,,,,,,,,,,,,,,,,,,,AAAC,,,,,,,,,,,,,,
USA/WA-S10755/2021,,,,,,,,,,,,,,,,,,,,,,,,,,,,,,,,,,T,,,,,,,,,,,,,,
USA/WA-S14581/2021,,,,,,,,,,,,,,,,,,,,,,,,,,,,,,,,,,T,,,,,,,,,,,,,,
Malta/MDxMDH545/2021,,,,,,,,,,,,,,,,,,,,,,,,,,,,,,,,,,T,,,,,,,,,,,,,,
USA/WA-PHL-007155/2021,,,,,,,,,,,,,,,,,,,,,,,,,,,,,,,,,,T,,,,,,,,,,,,,,
USA/WA-S9309/2021,,,,,,,,,,,,,,,,,,,,,,,,,,,,,,,,,,T,,,,,,,,,,,,,,
Estonia/RC0714226/2022,,,,,,,,,,,,,,,,,,,,,,,,,,,,,,,,,,,,GGTG,,,,,,,,,,,,
USA/WA-S21341/2022,,,,,,,,,,,,,,,,,,,,,,,,,,,,,,,,,,,,T,,,,,,,,,,,,
USA/WA-S21718/2022,,,,,,,,,,,,,,,,,,,,,,,,,,,,,,,,,,,,T,,,,,,,,,,,,
Belgium/AZDelta-2239-11768/2022,,,,,,,,,,,,,,,,,,,,,,,,,,,,,,,,,,,,T,,,,,,,,,,,,
Qatar/QA.QU_18.60.G6/2022,,,,,,,,,,,,,,,,,,,,,,,,,,,,,,,,,,,,T,,,,,,,,,,,,
Spain/CL-COV21782/2021,,,,,,,,,,,,,,,,,,,,,,,,,,,,,,,,,,,,G,,,,,,,,,,,,
USA/WA-S8182/2021,,,,,,,,,,,,,,,,,,,,,,,,,,,,,,,,,,,,,A,,,,,,,,,,,
USA/WA-S9010/2021,,,,,,,,,,,,,,,,,,,,,,,,,,,,,,,,,,,,,A,,,,,,,,,,,
USA/WA-S4966/2021,,,,,,,,,,,,,,,,,,,,,,,,,,,,,,,,,,,,,G,,,,,,,,,,,
USA/WA-S4384/2021,,,,,,,,,,,,,,,,,,,,,,,,,,,,,,,,,,,,,GGCA,,,,,,,,,,,
USA/WA-S3757/2020,,,,,,,,,,,,,,,,,,,,,,,,,,,,,,,,,,,,,,,,A,,,,,,,,
USA/WA-S3731/2020,,,,,,,,,,,,,,,,,,,,,,,,,,,,,,,,,,,,,,,,CAAAA,,,,,,,,
USA/WA-S3783/2021,,,,,,,,,,,,,,,,,,,,,,,,,,,,,,,,,,,,,,,,CAAAA,,,,,,,,
USA/WA-S6096/2021,,,,,,,,,,,,,,,,,,,,,,,,,,,,,,,,,,,,,,,,CAAAA,,,,,,,,
USA/WA-S4183/2021,,,,,,,,,,,,,,,,,,,,,,,,,,,,,,,,,,,,,,,,,GAGGATGAAACTCAAGCCTTACCGC,,,,,,,
USA/WA-S3524/2020,,,,,,,,,,,,,,,,,,,,,,,,,,,,,,,,,,,,,,,,,,,CA,,,,,
USA/WA-S3512/2020,,,,,,,,,,,,,,,,,,,,,,,,,,,,,,,,,,,,,,,,,,,C,,,,,
USA/WA-S3733/2020,,,,,,,,,,,,,,,,,,,,,,,,,,,,,,,,,,,,,,,,,,,C,,,,,
USA/WA-S3710/2020,,,,,,,,,,,,,,,,,,,,,,,,,,,,,,,,,,,,,,,,,,,C,,,,,
USA/WA-S3762/2020,,,,,,,,,,,,,,,,,,,,,,,,,,,,,,,,,,,,,,,,,,,C,,,,,
USA/WA-S5355/2020,,,,,,,,,,,,,,,,,,,,,,,,,,,,,,,,,,,,,,,,,,,C,,,,,
USA/WA-S3571/2021,,,,,,,,,,,,,,,,,,,,,,,,,,,,,,,,,,,,,,,,,,,C,,,,,
USA/WA-S4194/2021,,,,,,,,,,,,,,,,,,,,,,,,,,,,,,,,,,,,,,,,,,,C,,,,,
SouthKorea/KDCA0434/2020,,,,,,,,,,,,,,,,,,,,,,,,,,,,,,,,,,,,,,,,,,,AGTGTGT,,,,,
USA/WA-S5653/2021,,,,,,,,,,,,,,,,,,,,,,,,,,,,,,,,,,,,,,,,,,,AAA,,,,,
USA/WA-S19160/2022,,,,,,,,,,,,,,,,,,,,,,,,,,,,,,,,,,,,,,,,,,,,C,,,,
Belize/CML-543/2022,,,,,,,,,,,,,,,,,,,,,,,,,,,,,,,,,,,,,,,,,,,,C,,,,
USA/WA-S4677/2020,,,,,,,,,,,,,,,,,,,,,,,,,,,,,,,,,,,,,,,,,,,,,,,A,
USA/WA-OHSU-3227/2020,,,,,,,,,,,,,,,,,,,,,,,,,,,,,,,,,,,,,,,,,,,,,,,AC,
USA/WA-S3741/2020,,,,,,,,,,,,,,,,,,,,,,,,,,,,,,,,,,,,,,,,,,,,,,,AC,
USA/WA-S3768/2020,,,,,,,,,,,,,,,,,,,,,,,,,,,,,,,,,,,,,,,,,,,,,,,C,
USA/WA-S5112/2021,,,,,,,,,,,,,,,,,,,,,,,,,,,,,,,,,,,,,,,,,,,,,,,C,
USA/WA-S5108/2021,,,,,,,,,,,,,,,,,,,,,,,,,,,,,,,,,,,,,,,,,,,,,,,C,
USA/WA-S5762/2021,,,,,,,,,,,,,,,,,,,,,,,,,,,,,,,,,,,,,,,,,,,,,,,C,
USA/WA-S5226/2021,,,,,,,,,,,,,,,,,,,,,,,,,,,,,,,,,,,,,,,,,,,,,,,C,
USA/WA-S5863/2021,,,,,,,,,,,,,,,,,,,,,,,,,,,,,,,,,,,,,,,,,,,,,,,C,
USA/WA-S5530/2021,,,,,,,,,,,,,,,,,,,,,,,,,,,,,,,,,,,,,,,,,,,,,,,C,
USA/WA-S5605/2021,,,,,,,,,,,,,,,,,,,,,,,,,,,,,,,,,,,,,,,,,,,,,,,C,
USA/WA-S6102/2021,,,,,,,,,,,,,,,,,,,,,,,,,,,,,,,,,,,,,,,,,,,,,,,C,
PapuaNewGuinea/PNG8319/2022,,,,,,,,,,,,,,,,,,,,,,,,,,,,,,,,,,,,,,,,,,,,,,,C,
USA/WA-PHL-000364/2021,,,,,,,,,,,,,,,,,,,,,,,,,,,,,,,,,,,,,,,,,,,,,,,AGGAGM,
USA/WA-PHL-000373/2021,,,,,,,,,,,,,,,,,,,,,,,,,,,,,,,,,,,,,,,,,,,,,,,AGGC,
Kosovo/CO-00947_XXK000_7233_07_Niph/2022,,,,,,,,,,,,,,,,,,,,,,,,,,,,,,,,,,,,,,,,,,,,,,,,W
