strain,insertion: 3bp @ ref pos 6258,insertion: 6bp @ ref pos 21736,insertion: 6bp @ ref pos 21817,insertion: 9bp @ ref pos 21926,insertion: 6bp @ ref pos 21927,insertion: 9bp @ ref pos 21941,insertion: 9bp @ ref pos 21982,insertion: 12bp @ ref pos 22197,insertion: 9bp @ ref pos 22204,insertion: 3bp @ ref pos 25699,insertion: 3bp @ ref pos 25703,insertion: 2bp @ ref pos 28251,insertion: 4bp @ ref pos 28262,insertion: 9bp @ ref pos 28314,insertion: 3bp @ ref pos 28983,insertion: 493bp @ ref pos 29373
hCoV-19/USA/WA-S15504/2021,,,,,,,,T,GAGCCAGAA,,,,,,,
hCoV-19/USA/WA-S15757/2021,,,,,,,,T,GAGCCAGAA,,,,,,,
hCoV-19/USA/WA-S17212/2022,,,,,,,,T,GAGCCAGAA,,,,,,,
hCoV-19/USA/WA-S17718/2022,,,,,,,,T,GAGCCAGAA,,,,,,,
hCoV-19/USA/WA-S15746/2021,,,,,,,,T,GAGCCAGAA,,,,,,,
hCoV-19/USA/WA-S16169/2021,,,,,,,,T,GAGCCAGAA,,,,,,,
hCoV-19/USA/WA-S16545/2022,,,,,,,,T,GAGCCAGAA,,,,,,,
hCoV-19/USA/WA-S18072/2022,,,,,,,,T,GAGCCAGAA,,,,,,,
hCoV-19/USA/WA-S17498/2022,,,,,,,,T,GAGCCAGAA,,,,,,,
hCoV-19/USA/WA-S18503/2022,,,,,,,,T,GAGCCAGAA,,,,,,,
hCoV-19/USA/WA-S16014/2021,,,,,,,,T,GAGCCAGAA,,,,,,,
hCoV-19/USA/WA-S16771/2022,,,,,,,,T,GAGCCAGAA,,,,,,,
hCoV-19/USA/WA-S16107/2022,,,,,,,,T,GAGCCAGAA,,,,,,,
hCoV-19/USA/WA-S16544/2022,,,,,,,,T,GAGCCAGAA,,,,,,,
hCoV-19/USA/WA-S16562/2022,,,,,,,,T,GAGCCAGAA,,,,,,,
hCoV-19/USA/WA-S15988/2021,,,,,,,,T,GAGCCAGAA,,,,,,,
hCoV-19/USA/WA-S16210/2021,,,,,,,,T,GAGCCAGAA,,,,,,,
hCoV-19/USA/WA-PHL-014323/2022,,,,,,,,T,GAGCCAGAA,,,,,,,
hCoV-19/USA/WA-PHL-014920/2022,,,,,,,,T,GAGCCAGAA,,,,,,,
hCoV-19/USA/WA-S18494/2022,,,,,,,,T,GAGCCAGAA,,,,,,,
hCoV-19/USA/WA-S15984/2021,,,,,,,,T,GAGCCAGAA,,,,,,,
hCoV-19/USA/WA-S16902/2022,,,,,,,,T,GAGCCAGAA,,,,,,,
hCoV-19/USA/WA-S16882/2022,,,,,,,,T,GAGCCAGAA,,,,,,,
hCoV-19/USA/WA-S16968/2022,,,,,,,,T,GAGCCAGAA,,,,,,,
hCoV-19/USA/WA-S17973/2022,,,,,,,,T,GAGCCAGAA,,,,,,,
hCoV-19/USA/WA-S16202/2021,,,,,,,,T,GAGCCAGAA,,,,,,,
hCoV-19/USA/WA-S17298/2022,,,,,,,,T,GAGCCAGAA,,,,,,,
hCoV-19/USA/WA-S17102/2022,,,,,,,,T,GAGCCAGAA,,,,,,,
hCoV-19/USA/WA-S17119/2022,,,,,,,,T,GAGCCAGAA,,,,,,,
hCoV-19/USA/WA-S17989/2022,,,,,,,,T,GAGCCAGAA,,,,,,,
hCoV-19/USA/WA-S18109/2022,,,,,,,,T,GAGCCAGAA,,,,,,,
hCoV-19/USA/WA-S17427/2022,,,,,,,,T,GAGCCAGAA,,,,,,,
hCoV-19/USA/WA-S17964/2022,,,,,,,,T,GAGCCAGAA,,,,,,,
hCoV-19/USA/WA-S18328/2022,,,,,,,,T,GAGCCAGAA,,,,,,,
hCoV-19/USA/WA-S17287/2022,,,,,,,,T,GAGCCAGAA,,,,,,,
hCoV-19/USA/WA-S18601/2022,,,,,,,,T,GAGCCAGAA,,,,,,,
hCoV-19/USA/WA-S18995/2022,,,,,,,,T,GAGCCAGAA,,,,,,,
hCoV-19/USA/WA-S18553/2022,,,,,,,,T,GAGCCAGAA,,,,,,,
hCoV-19/USA/WA-S17323/2022,,,,,,,,T,GAGCCAGAA,,,,,,,
hCoV-19/USA/WA-S17303/2022,,,,,,,,T,GAGCCAGAA,,,,,,,
hCoV-19/USA/WA-PHL-009755/2021,,,,,,,,T,GAGCCAGAA,,,,,,,
hCoV-19/USA/WA-S16395/2022,,,,,,,,T,GAGCCAGAA,,,,,,,
hCoV-19/USA/WA-S18453/2022,,,,,,,,T,GAGCCAGAA,,,,,,,
hCoV-19/USA/WA-S18104/2022,,,,,,,,T,GAGCCAGAA,,,,,,,
hCoV-19/USA/WA-S16034/2022,,,,,,,,T,GAGCCAGAA,,,,,,,
hCoV-19/USA/WA-S17350/2022,,,,,,,,T,GAGCCAGAA,,,,,,,
hCoV-19/USA/WA-S17942/2022,,,,,,,,T,GAGCCAGAA,,,,,,,
hCoV-19/USA/WA-S18514/2022,,,,,,,,T,GAGCCAGAA,,,,,,,
hCoV-19/USA/WA-S18425/2022,,,,,,,,T,GAGCCAGAA,,,,,,,
hCoV-19/USA/WA-S18434/2022,,,,,,,,T,GAGCCAGAA,,,,,,,
hCoV-19/USA/WA-S18435/2022,,,,,,,,T,GAGCCAGAA,,,,,,,
hCoV-19/USA/WA-S19565/2022,,,,,,,,T,GAGCCAGAA,,,,,,,
hCoV-19/USA/WA-PHL-013189/2022,,,,,,,,T,GAGCCAGAA,,,,,,,
hCoV-19/USA/WA-PHL-010276/2022,,,,,,,,T,GAGCCAGAA,,,,,,,
hCoV-19/USA/WA-PHL-015573/2022,,,,,,,,T,GAGCCAGAA,,,,,,,
hCoV-19/USA/WA-CDC-QDX33592104/2022,,,,,,,,T,GAGCCAGAA,,,,,,,
hCoV-19/USA/WA-PHL-021201/2022,,,,,,,,T,GAGCCAGAA,,,,,,,
hCoV-19/USA/WA-PHL-016664/2022,,,,,,,,T,GAGCCAGAA,,,,,,,
hCoV-19/USA/WA-CDC-QDX35824282/2022,,,,,,,,T,GAGCCAGAA,,,,,,,
hCoV-19/USA/WA-S18487/2022,,,,,,,,T,GAGCCAGAA,,,,,,,
hCoV-19/USA/WA-S16144/2022,,,,,,,,T,GAGCCAGAA,,,,,,,
hCoV-19/USA/WA-S16296/2022,,,,,,,,T,GAGCCAGAA,,,,,,,
hCoV-19/USA/WA-S16633/2022,,,,,,,,T,GAGCCAGAA,,,,,,,
hCoV-19/USA/WA-PHL-008906/2021,,,,,,,,T,GAGCCAGAA,,,,,,,
hCoV-19/USA/WA-PHL-009024/2021,,,,,,,,T,GAGCCAGAA,,,,,,,
hCoV-19/USA/WA-S17360/2022,,,,,,,,T,GAGCCAGAA,,,,,,,
hCoV-19/USA/WA-S17804/2022,,,,,,,,T,GAGCCAGAA,,,,,,,
hCoV-19/USA/WA-S16412/2022,,,,,,,,T,GAGCCAGAA,,,,,,,
hCoV-19/USA/WA-S17127/2022,,,,,,,,T,GAGCCAGAA,,,,,,,
hCoV-19/USA/WA-S16329/2022,,,,,,,,T,GAGCCAGAA,,,,,,,
hCoV-19/USA/WA-S20903/2022,,,,,,,,T,GAGCCAGAA,,,,,,,
hCoV-19/USA/WA-S16263/2022,,,,,,,,T,GAGCCAGAA,,,,,,,
hCoV-19/USA/WA-S17757/2022,,,,,,,,T,GAGCCAGAA,,,,,,,
hCoV-19/USA/WA-S18335/2022,,,,,,,,T,GAGCCAGAA,,,,,,,
hCoV-19/USA/WA-S18441/2022,,,,,,,,T,GAGCCAGAA,,,,,,,
hCoV-19/USA/WA-S18512/2022,,,,,,,,T,GAGCCAGAA,,,,,,,
hCoV-19/USA/WA-S18994/2022,,,,,,,,T,GAGCCAGAA,,,,,,,
hCoV-19/USA/WA-S17250/2022,,,,,,,,T,GAGCCAGAA,,,,,,,
hCoV-19/USA/WA-S17247/2022,,,,,,,,T,GAGCCAGAA,,,,,,,
hCoV-19/USA/WA-S17554/2022,,,,,,,,T,GAGCCAGAA,,,,,,,
hCoV-19/USA/WA-S16310/2022,,,,,,,,T,GAGCCAGAA,,,,,,,
hCoV-19/USA/WA-S17259/2022,,,,,,,,T,GAGCCAGAA,,,,,,,
hCoV-19/USA/WA-S18113/2022,,,,,,,,T,GAGCCAGAA,,,,,,,
hCoV-19/USA/WA-S16715/2022,,,,,,,,T,GAGCCAGAA,,,,,,,
hCoV-19/USA/WA-S16917/2022,,,,,,,,T,GAGCCAGAA,,,,,,,
hCoV-19/USA/WA-S17356/2022,,,,,,,,T,GAGCCAGAA,,,,,,,
hCoV-19/USA/WA-S17936/2022,,,,,,,,T,GAGCCAGAA,,,,,,,
hCoV-19/USA/WA-S16495/2022,,,,,,,,T,GAGCCAGAA,,,,,,,
hCoV-19/USA/WA-S16721/2022,,,,,,,,T,GAGCCAGAA,,,,,,,
hCoV-19/USA/WA-S16299/2022,,,,,,,,T,GAGCCAGAA,,,,,,,
hCoV-19/USA/WA-S17382/2022,,,,,,,,T,GAGCCAGAA,,,,,,,
hCoV-19/USA/WA-S17711/2022,,,,,,,,T,GAGCCAGAA,,,,,,,
hCoV-19/USA/WA-S15843/2021,,,,,,,,T,GAGCCAGAA,,,,,,,
hCoV-19/USA/WA-S15928/2021,,,,,,,,T,GAGCCAGAA,,,,,,,
hCoV-19/USA/WA-S16055/2022,,,,,,,,T,GAGCCAGAA,,,,,,,
hCoV-19/USA/WA-S15958/2021,,,,,,,,T,GAGCCAGAA,,,,,,,
hCoV-19/USA/WA-S16057/2022,,,,,,,,T,GAGCCAGAA,,,,,,,
hCoV-19/USA/WA-S18504/2022,,,,,,,,T,GAGCCAGAA,,,,,,,
hCoV-19/USA/WA-S16063/2022,,,,,,,,T,GAGCCAGAA,,,,,,,
hCoV-19/USA/WA-S16138/2022,,,,,,,,T,GAGCCAGAA,,,,,,,
hCoV-19/USA/WA-S16271/2022,,,,,,,,T,GAGCCAGAA,,,,,,,
hCoV-19/USA/WA-S17387/2022,,,,,,,,T,GAGCCAGAA,,,,,,,
hCoV-19/USA/WA-S17786/2022,,,,,,,,T,GAGCCAGAA,,,,,,,
hCoV-19/USA/WA-S16657/2022,,,,,,,,T,GAGCCAGAA,,,,,,,
hCoV-19/USA/WA-S17004/2022,,,,,,,,T,GAGCCAGAA,,,,,,,
hCoV-19/USA/WA-S16679/2022,,,,,,,,T,GAGCCAGAA,,,,,,,
hCoV-19/USA/WA-S16689/2022,,,,,,,,T,GAGCCAGAA,,,,,,,
hCoV-19/USA/WA-S17023/2022,,,,,,,,T,GAGCCAGAA,,,,,,,
hCoV-19/USA/WA-S17713/2022,,,,,,,,T,GAGCCAGAA,,,,,,,
hCoV-19/USA/WA-S17012/2022,,,,,,,,T,GAGCCAGAA,,,,,,,
hCoV-19/USA/WA-USAFSAM-S14306/2022,,,,,,,,T,GAGCCAGAA,,,,,,,
hCoV-19/USA/WA-S16700/2022,,,,,,,,T,GAGCCAGAA,,,,,,,
hCoV-19/USA/WA-S17628/2022,,,,,,,,T,GAGCCAGAA,,,,,,,
hCoV-19/USA/WA-S17261/2022,,,,,,,,T,GAGCCAGAA,,,,,,,
hCoV-19/USA/WA-S16355/2022,,,,,,,,T,GAGCCAGAA,,,,,,,
hCoV-19/USA/WA-S17254/2022,,,,,,,,T,GAGCCAGAA,,,,,,,
hCoV-19/USA/WA-S16567/2022,,,,,,,,T,GAGCCAGAA,,,,,,,
hCoV-19/USA/WA-S17331/2022,,,,,,,,T,GAGCCAGAA,,,,,,,
hCoV-19/USA/WA-S16286/2022,,,,,,,,T,GAGCCAGAA,,,,,,,
hCoV-19/USA/WA-S17805/2022,,,,,,,,T,GAGCCAGAA,CCC,,,,,,
hCoV-19/USA/WA-S19466/2022,,,,,,,,T,GAGCCAGAA,CCC,,,,,,
hCoV-19/USA/WA-S17986/2022,,,,,,,,T,GAGCCAGAA,,,,,,,
hCoV-19/USA/WA-S18578/2022,,,,,,,,T,GAGCCAGAA,,,,,,,
hCoV-19/USA/WA-S19299/2021,,,,,,,,T,GAGCCAGAA,,,,,,,
hCoV-19/USA/WA-S17091/2022,,,,,,,,T,GAGCCAGAA,,,,,,,
hCoV-19/USA/WA-S17348/2022,,,,,,,,T,GAGCCAGAA,,,,,,,
hCoV-19/USA/WA-S17369/2022,,,,,,,,T,GAGCCAGAA,,,,,,,
hCoV-19/USA/WA-S18297/2022,,,,,,,,T,GAGCCAGAA,,,,,,,
hCoV-19/USA/WA-S18448/2022,,,,,,,,T,GAGCCAGAA,,,,,,,
hCoV-19/USA/WA-S18517/2022,,,,,,,,T,GAGCCAGAA,,,,,,,
hCoV-19/USA/WA-CDC-LC0499356/2022,,,,,,,,T,GAGCCAGAA,,,,,,,
hCoV-19/USA/WA-S15828/2021,,,,,,,,T,GAGCCAGAA,,,,,,,
hCoV-19/USA/WA-S16777/2022,,,,,,,,T,GAGCCAGAA,,,TG,,,,
hCoV-19/USA/WA-S16060/2022,,,,,,,,T,GAGCCAGAA,,,,,,,
hCoV-19/USA/WA-S17400/2022,,,,,,,,T,GAGCCAGAA,,,,,,,
hCoV-19/USA/WA-S17435/2022,,,,,,,,T,GAGCCAGAA,,,,,,,
hCoV-19/USA/WA-S18641/2022,,,,,,,,T,GAGCCAGAA,,,,,,,
hCoV-19/USA/WA-S18612/2022,,,,,,,,T,GAGCCAGAA,,,,,,,
hCoV-19/USA/WA-S18584/2022,,,,,,,,T,GAGCCAGAA,,,,,,,
hCoV-19/USA/WA-S17544/2022,,,,,,,,T,GAGCCAGAA,,,,,,,
hCoV-19/USA/WA-CDC-UW22010534929/2022,,,,,,,,T,GAGCCAGAA,,,,,,,
hCoV-19/USA/WA-CDC-UW22030158707/2022,,,,,,,,T,GAGCCAGAA,,,,,,,
hCoV-19/USA/WA-UW-22021851938/2022,,,,,,,,T,GAGCCAGAA,,,,,,,
hCoV-19/USA/WA-CDC-UW22030875251/2022,,,,,,,,T,GAGCCAGAA,,,,,,,
hCoV-19/USA/WA-UW-22021736182/2022,,,,,,,,T,GAGCCAGAA,,,,,,,
hCoV-19/USA/WA-UW-22021218848/2022,,,,,,,,T,GAGCCAGAA,,,,,,,
hCoV-19/USA/WA-CDC-LC0521120/2022,,,,,,,,T,GAGCCAGAA,,,,,,,
hCoV-19/USA/WA-CDC-LC0556999/2022,,,,,,,,T,GAGCCAGAA,,,,,,,
hCoV-19/USA/WA-CDC-LC0533905/2022,,,,,,,,T,GAGCCAGAA,,,,,,,
hCoV-19/USA/WA-CDC-UW22030556491/2022,,,,,,,,T,GAGCCAGAA,,,,,,,
hCoV-19/USA/WA-CDC-UW22021086080/2022,,,,,,,,T,,,,,,,,
hCoV-19/USA/WA-CDC-UW22021099611/2022,,,,,,,,T,,,,,,,,
hCoV-19/USA/WA-CDC-UW22020860420/2022,,,,,,,,T,,,,,,,,
hCoV-19/USA/WA-S16630/2022,,,,,,,,T,GAGCCAGAA,,,,,,,
hCoV-19/USA/WA-S17405/2022,,,,,,,,T,GAGCCAGAA,,,,,,,
hCoV-19/USA/WA-S18558/2022,,,,,,,,T,GAGCCAGAA,,,,,,,
hCoV-19/USA/WA-PHL-010493/2022,,,,,,,,T,GAGCCAGAA,,,,,,,
hCoV-19/USA/WA-PHL-012676/2022,,,,,,,,T,GAGCCAGAA,,,,,,,
hCoV-19/USA/WA-PHL-014942/2022,,,,,,,,T,GAGCCAGAA,,TTT,,,,,
hCoV-19/USA/WA-PHL-021217/2022,,,,,,,,T,GAGCCAGAA,,,,,,,
hCoV-19/USA/WA-USAFSAM-S12993/2022,,,,,,,,T,GAGCCAGAA,,,,,,,
hCoV-19/USA/WA-S17064/2022,,,,,,,,T,GAGCCAGAA,,,,,,,
hCoV-19/USA/WA-S19002/2022,,,,,,,,T,GAGCCAGAA,,,,,,,
hCoV-19/USA/WA-S19067/2022,,,,,,,,T,GAGCCAGAA,,,,,,,
hCoV-19/USA/WA-S19987/2022,,,,,,,,AACAGTAGGAGG,,,,,,,,
hCoV-19/USA/WA-CDC-UW21122846246/2021,,,,,,,,,CGT,,,,,,,
hCoV-19/USA/WA-CDC-UW21123070594/2021,,,,,,,,,CGT,,,,,,,
hCoV-19/USA/WA-CDC-UW21070962364/2021,,,,,,,,,,,,,AACA,,,
hCoV-19/USA/WA-UW-2021040701396/2021,,,,,,,,,,,,,AACA,,,
hCoV-19/USA/WA-UW-21063047972/2021,,,,,,,,,,,,,AACA,,,
hCoV-19/USA/WA-UW-21050127471/2021,,,,,,,,,,,,,AACA,,,
hCoV-19/USA/WA-UW-21042603234/2021,,,,,,,,,,,,,AACA,,,
hCoV-19/USA/WA-CDC-UW21052539095/2021,,,,,,,,,,,,,AACA,,,
hCoV-19/USA/WA-PHL-000785/2021,,,,,,,,,,,,,AACA,,,
hCoV-19/USA/WA-Altius-ALTCOV-3BKRZ6G7KNTD53DE/2021,,,,,,,,,,,,,AACA,,,
hCoV-19/USA/WA-Altius-ALTCOV-OBU4HTK4AN7SJOHX/2021,,,,,,,,,,,,,AACA,,,
hCoV-19/USA/WA-S7290/2021,,,,,,,,,,,,,AACA,,,
hCoV-19/USA/WA-S8619/2021,,,,,,,,,,,,,AACA,,,
hCoV-19/USA/WA-S9388/2021,,,,,,,,,,,,,AACA,,,
hCoV-19/USA/WA-CDC-LC0804256/2022,,,,,,,,,,,,,,,TTT,
