strain,insertion: 147bp @ ref pos 222,insertion: 252bp @ ref pos 3526,insertion: 61bp @ ref pos 4349,insertion: 20bp @ ref pos 4367,insertion: 18bp @ ref pos 4393,insertion: 3bp @ ref pos 6406,insertion: 9bp @ ref pos 11278,insertion: 211bp @ ref pos 19341,insertion: 6bp @ ref pos 21620,insertion: 6bp @ ref pos 21636,insertion: 6bp @ ref pos 21678,insertion: 6bp @ ref pos 21733,insertion: 9bp @ ref pos 21928,insertion: 1bp @ ref pos 21941,insertion: 6bp @ ref pos 22009,insertion: 6bp @ ref pos 22013,insertion: 6bp @ ref pos 22026,insertion: 11bp @ ref pos 22196,insertion: 9bp @ ref pos 22204,insertion: 12bp @ ref pos 25057,insertion: 2bp @ ref pos 26974,insertion: 2bp @ ref pos 27004,insertion: 1bp @ ref pos 28214,insertion: 6bp @ ref pos 28241,insertion: 2bp @ ref pos 28251,insertion: 4bp @ ref pos 28262,insertion: 4bp @ ref pos 28269,insertion: 494bp @ ref pos 29372,insertion: 502bp @ ref pos 29377,insertion: 116bp @ ref pos 29556,insertion: 256bp @ ref pos 29604,insertion: 180bp @ ref pos 29686,insertion: 26bp @ ref pos 29728,insertion: 116bp @ ref pos 29752,insertion: 25bp @ ref pos 29760,insertion: 77bp @ ref pos 29811,insertion: 18bp @ ref pos 29903
hCoV-19/USA/WA-S10487/2021,,CA,,,,,,G,,,,,,,,,,,,,,,,,,,,,,,,,,,,,
hCoV-19/USA/WA-S19007/2022,,,TGC,AATGCCTGTCTGTGTGGAAA,CGTAAATATAAGGGTATT,,,,,,,,,,,,,,GAGCCAGAA,,,,,,,,,,,,,,,,,,
hCoV-19/USA/WA-UW-22051569893/2022,,,,,,,ACTAGTTTG,,,,,,,,,,,,,,,,,,,,,,,,,,,,,,
hCoV-19/USA/WA-CDC-UW21101566538/2021,,,,,,,,,,,,T,,,,,,,,,,,,,,,,,,,,,,,,,
hCoV-19/USA/WA-S19064/2022,,,,,,,,,,,,,GCTACTAAT,,,,,,GAGCCAGAA,,,,,,,,,,,,,,,,,,
hCoV-19/USA/WA-PHL-003426/2021,,,,,,,,,,,,,,,,,TG,,,,,,,,,,,,,,,,,,,,
hCoV-19/USA/WA-S15757/2021,,,,,,,,,,,,,,,,,,,GAGCCAGAA,,,,,,,,,,,,,,,,,,
hCoV-19/USA/WA-S17853/2021,,,,,,,,,,,,,,,,,,,GAGCCAGAA,,,,,,,,,,,,,,,,,,
hCoV-19/USA/WA-S16172/2021,,,,,,,,,,,,,,,,,,,GAGCCAGAA,,,,,,,,,,,,,,,,,,
hCoV-19/USA/WA-S16671/2022,,,,,,,,,,,,,,,,,,,GAGCCAGAA,,,,,,,,,,,,,,,,,,
hCoV-19/USA/WA-S15866/2021,,,,,,,,,,,,,,,,,,,GAGCCAGAA,,,,,,,,,,,,,,,,,,
hCoV-19/USA/WA-S16076/2022,,,,,,,,,,,,,,,,,,,GAGCCAGAA,,,,,,,,,,,,,,,,,,
hCoV-19/USA/WA-S15961/2021,,,,,,,,,,,,,,,,,,,GAGCCAGAA,,,,,,,,,,,,,,,,,,
hCoV-19/USA/WA-S17277/2022,,,,,,,,,,,,,,,,,,,GAGCCAGAA,,,,,,,,,,,,,,,,,,
hCoV-19/USA/WA-S15989/2021,,,,,,,,,,,,,,,,,,,GAGCCAGAA,,,,,,,,,,,,,,,,,,
hCoV-19/USA/WA-PHL-009205/2021,,,,,,,,,,,,,,,,,,,GAGCCAGAA,,,,,,,,,,,,,,,,,,
hCoV-19/USA/WA-S16032/2022,,,,,,,,,,,,,,,,,,,GAGCCAGAA,,,,,,,,,,,,,,,,,,
hCoV-19/USA/WA-S19492/2022,,,,,,,,,,,,,,,,,,,GAGCCAGAA,,,,,,,,,,,,,,,,,,
hCoV-19/USA/WA-S17233/2022,,,,,,,,,,,,,,,,,,,GAGCCAGAA,,,,,,,,,,,,,,,,,,
hCoV-19/USA/WA-S16026/2021,,,,,,,,,,,,,,,,,,,GAGCCAGAA,,,,,,,,,,,,,,,,,,
hCoV-19/USA/WA-S17080/2022,,,,,,,,,,,,,,,,,,,GAGCCAGAA,,,,,,,,,,,,,,,,,,
hCoV-19/USA/WA-S18538/2022,,,,,,,,,,,,,,,,,,,GAGCCAGAA,,,,,,,,,,,,,,,,,,
hCoV-19/USA/WA-S15743/2021,,,,,,,,,,,,,,,,,,,GAGCCAGAA,,,,,,,,,,,,,,,,,,
hCoV-19/USA/WA-S15877/2021,,,,,,,,,,,,,,,,,,,GAGCCAGAA,,,,,,,,,,,,,,,,,,
hCoV-19/USA/WA-S16386/2022,,,,,,,,,,,,,,,,,,,GAGCCAGAA,,,,,,,,,,,,,,,,,,
hCoV-19/USA/WA-S17341/2022,,,,,,,,,,,,,,,,,,,GAGCCAGAA,,,,,,,,,,,,,,,,,,
hCoV-19/USA/WA-S15770/2021,,,,,,,,,,,,,,,,,,,GAGCCAGAA,,,,,,,,,,,,,,,,,,
hCoV-19/USA/WA-S15762/2021,,,,,,,,,,,,,,,,,,,GAGCCAGAA,,,,,,,,,,,,,,,,,,
hCoV-19/USA/WA-S16169/2021,,,,,,,,,,,,,,,,,,,GAGCCAGAA,,,,,,,,,,,,,,,,,,
hCoV-19/USA/WA-S19455/2022,,,,,,,,,,,,,,,,,,,GAGCCAGAA,,,,,,,,,,,,,,,,,,
hCoV-19/USA/WA-S16940/2022,,,,,,,,,,,,,,,,,,,GAGCCAGAA,,,,,,,,,,,,,,,,,,
hCoV-19/USA/WA-S17033/2022,,,,,,,,,,,,,,,,,,,GAGCCAGAA,,,,,,,,,,,,,,,,,,
hCoV-19/USA/WA-S17947/2022,,,,,,,,,,,,,,,,,,,GAGCCAGAA,,,,,,,,,,,,,,,,,,
hCoV-19/USA/WA-S16707/2022,,,,,,,,,,,,,,,,,,,GAGCCAGAA,,,,,,,,,,,,,,,,,,
hCoV-19/USA/WA-S15767/2021,,,,,,,,,,,,,,,,,,,GAGCCAGAA,,,,,,,,,,,,,,,,,,
hCoV-19/USA/WA-S15849/2021,,,,,,,,,,,,,,,,,,,GAGCCAGAA,,,,,,,,,,,,,,,,,,
hCoV-19/USA/WA-S18545/2022,,,,,,,,,,,,,,,,,,,GAGCCAGAA,,,,,,,,,,,,,,,,,,
hCoV-19/USA/WA-S15824/2021,,,,,,,,,,,,,,,,,,,GAGCCAGAA,,,,,,,,,,,,,,,,,,
hCoV-19/USA/WA-S18530/2022,,,,,,,,,,,,,,,,,,,GAGCCAGAA,,,,,,,,,,,,,,,,,,
hCoV-19/USA/WA-S15845/2021,,,,,,,,,,,,,,,,,,,GAGCCAGAA,,,,,,,,,,,,,,,,,,
hCoV-19/USA/WA-S18536/2022,,,,,,,,,,,,,,,,,,,GAGCCAGAA,,,,,,,,,,,,,,,,,,
hCoV-19/USA/WA-S18568/2022,,,,,,,,,,,,,,,,,,,GAGCCAGAA,,,,,,,,,,,,,,,,,,
hCoV-19/USA/WA-S16893/2022,,,,,,,,,,,,,,,,,,,GAGCCAGAA,,,,,,,,,,,,,,,,,,
hCoV-19/USA/WA-S18594/2022,,,,,,,,,,,,,,,,,,,GAGCCAGAA,,,,,,,,,,,,,,,,,,
hCoV-19/USA/WA-S18766/2022,,,,,,,,,,,,,,,,,,,GAGCCAGAA,,,,,,,,,,,,,,,,,,
hCoV-19/USA/WA-S18976/2022,,,,,,,,,,,,,,,,,,,GAGCCAGAA,,,,,,,,,,,,,,,,,,
hCoV-19/USA/WA-S18987/2022,,,,,,,,,,,,,,,,,,,GAGCCAGAA,,,,,,,,,,,,,,,,,,
hCoV-19/USA/WA-S19074/2022,,,,,,,,,,,,,,,,,,,GAGCCAGAA,,,,,,,,,,,,,,,,,,
hCoV-19/USA/WA-S18979/2022,,,,,,,,,,,,,,,,,,,GAGCCAGAA,,,,,,,,,,,,,,,,,,
hCoV-19/USA/WA-S17950/2022,,,,,,,,,,,,,,,,,,,GAGCCAGAA,,,,,,,,,,,,,,,,,,
hCoV-19/USA/WA-CDC-UW22022799131/2022,,,,,,,,,,,,,,,,,,,GAGCCAGAA,,,,,,,,,,,,,,,,,,
hCoV-19/USA/WA-UW-22032508163/2022,,,,,,,,,,,,,,,,,,,GAGCCAGAA,,,,,,,,,,,,,,,,,,
hCoV-19/USA/WA-CDC-UW22031589597/2022,,,,,,,,,,,,,,,,,,,GAGCCAGAA,,,,,,,,,,,,,,,,,,
hCoV-19/USA/WA-S19557/2022,,,,,,,,,,,,,,,,,,,GAGCCAGAA,,,,,,,,,,,,,,,,,,
hCoV-19/USA/WA-S15844/2021,,,,,,,,,,,,,,,,,,,GAGCCAGAA,,,,,,,,,,,,,,,,,,
hCoV-19/USA/WA-PHL-010287/2022,,,,,,,,,,,,,,,,,,,GAGCCAGAA,,,,,,,,,,,,,,,,,,
hCoV-19/USA/WA-PHL-014710/2022,,,,,,,,,,,,,,,,,,,GAGCCAGAA,,,,,,,,,,,,,,,,,,
hCoV-19/USA/WA-PHL-011045/2022,,,,,,,,,,,,,,,,,,,GAGCCAGAA,,,,,,,,,,,,,,,,,,
hCoV-19/USA/WA-PHL-014682/2022,,,,,,,,,,,,,,,,,,,GAGCCAGAA,,,,,,,,,,,,,,,,,,
hCoV-19/USA/WA-CDC-QDX33118300/2022,,,,,,,,,,,,,,,,,,,GAGCCAGAA,,,,,,,,,,,,,,,,,,
hCoV-19/USA/WA-PHL-016126/2022,,,,,,,,,,,,,,,,,,,GAGCCAGAA,,,,,,,,,,,,,,,,,,
hCoV-19/USA/WA-CDC-QDX34074031/2022,,,,,,,,,,,,,,,,,,,GAGCCAGAA,,,,,,,,,,,,,,,,,,
hCoV-19/USA/WA-CDC-QDX34073903/2022,,,,,,,,,,,,,,,,,,,GAGCCAGAA,,,,,,,,,,,,,,,,,,
hCoV-19/USA/WA-PHL-016513/2022,,,,,,,,,,,,,,,,,,,GAGCCAGAA,,,,,,,,,,,,,,,,,,
hCoV-19/USA/WA-PHL-017144/2022,,,,,,,,,,,,,,,,,,,GAGCCAGAA,,,,,,,,,,,,,,,,,,
hCoV-19/USA/WA-S15721/2021,,,,,,,,,,,,,,,,,,,GAGCCAGAA,,,,,,,,,,,,,,,,,,
hCoV-19/USA/WA-UW-21113017867/2021,,,,,,,,,,,,,,,,,,,GAGCCAGAA,,,,,,,,,,,,,,,,,,
hCoV-19/USA/WA-CDC-LC0456375/2021,,,,,,,,,,,,,,,,,,,GAGCCAGAA,,,,,,,,,,,,,,,,,,
hCoV-19/USA/WA-CDC-LC0561811/2022,,,,,,,,,,,,,,,,,,,GAGCCAGAA,,,,,,,,,,,,,,,,,,
hCoV-19/USA/WA-CDC-LC0499650/2022,,,,,,,,,,,,,,,,,,,GAGCCAGAA,,,,,,,,,,,,,,,,,,
hCoV-19/USA/WA-CDC-LC0557708/2022,,,,,,,,,,,,,,,,,,,GAGCCAGAA,,,,,,,,,,,,,,,,,,
hCoV-19/USA/WA-CDC-LC0536130/2022,,,,,,,,,,,,,,,,,,,GAGCCAGAA,,,,,,,,,,,,,,,,,,
hCoV-19/USA/WA-CDC-LC0561916/2022,,,,,,,,,,,,,,,,,,,GAGCCAGAA,,,,,,,,,,,,,,,,,,
hCoV-19/USA/WA-CDC-LC0521015/2022,,,,,,,,,,,,,,,,,,,GAGCCAGAA,,,,,,,,,,,,,,,,,,
hCoV-19/USA/WA-CDC-LC0520661/2022,,,,,,,,,,,,,,,,,,,GAGCCAGAA,,,,,,,,,,,,,,,,,,
hCoV-19/USA/WA-CDC-4551142-001/2022,,,,,,,,,,,,,,,,,,,GAGCCAGAA,,,,,,,,,,,,,,,,,,
hCoV-19/USA/WA-CDC-LC0496322/2022,,,,,,,,,,,,,,,,,,,GAGCCAGAA,,,,,,,,,,,,,,,,,,
hCoV-19/USA/WA-CDC-LC0555718/2022,,,,,,,,,,,,,,,,,,,GAGCCAGAA,,,,,,,,,,,,,,,,,,
hCoV-19/USA/WA-S16663/2022,,,,,,,,,,,,,,,,,,,GAGCCAGAA,,,,,,,,,,,,,,,,,,
hCoV-19/USA/WA-S17043/2022,,,,,,,,,,,,,,,,,,,GAGCCAGAA,,,,,,,,,,,,,,,,,,
hCoV-19/USA/WA-S18547/2022,,,,,,,,,,,,,,,,,,,GAGCCAGAA,,,,,,,,,,,,,,,,,,
hCoV-19/USA/WA-S18417/2022,,,,,,,,,,,,,,,,,,,GAGCCAGAA,,,,,,,,,,,,,,,,,,
hCoV-19/USA/WA-PHL-015668/2022,,,,,,,,,,,,,,,,,,,GAGCCAGAA,,,,,,,,,,,,,,,,,,
hCoV-19/USA/WA-S17263/2022,,,,,,,,,,,,,,,,,,,GAGCCAGAA,,,,,,,,,,,,,,,,,,
hCoV-19/USA/WA-S17650/2022,,,,,,,,,,,,,,,,,,,GAGCCAGAA,,,,,,,,,,,,,,,,,,
hCoV-19/USA/WA-S16177/2021,,,,,,,,,,,,,,,,,,,GAGCCAGAA,,,,,,,,,,,,,,,,,,
hCoV-19/USA/WA-S15874/2021,,,,,,,,,,,,,,,,,,,GAGCCAGAA,,,,,,,,,,,,,,,,,,
hCoV-19/USA/WA-PHL-012473/2022,,,,,,,,,,,,,,,,,,,GAGCCAGAA,,,,,,,,,,,,,,,,,,
hCoV-19/USA/WA-S16736/2022,,,,,,,,,,,,,,,,,,,GAGCCAGAA,,,,,,,,,,,,,,,,,,
hCoV-19/USA/WA-PHL-010486/2022,,,,,,,,,,,,,,,,,,,GAGCCAGAA,,,,,,,,,,,,,,,,,,
hCoV-19/USA/WA-PHL-013274/2022,,,,,,,,,,,,,,,,,,,GAGCCAGAA,,,,,,,,,,,,,,,,,,
hCoV-19/USA/WA-CDC-ASC210647888/2022,,,,,,,,,,,,,,,,,,,GAGCCAGAA,,,,,,,,,,,,,,,,,,
hCoV-19/USA/WA-CDC-4482138-001/2021,,,,,,,,,,,,,,,,,,,GAGCCAGAA,,,,,,,,,,,,,,,,,,
hCoV-19/USA/WA-PHL-012745/2022,,,,,,,,,,,,,,,,,,,GAGCCAGAA,,,,,,,,,,,,,,,,,,
hCoV-19/USA/WA-S18605/2022,,,,,,,,,,,,,,,,,,,GAGCCAGAA,,,,,,,,,,,,,,,,,,
hCoV-19/USA/WA-S18578/2022,,,,,,,,,,,,,,,,,,,GAGCCAGAA,,,,,,,,,,,,,,,,,,
hCoV-19/USA/WA-S18555/2022,,,,,,,,,,,,,,,,,,,GAGCCAGAA,,,,,,,,,,,,,,,,,,
hCoV-19/USA/WA-S18569/2022,,,,,,,,,,,,,,,,,,,GAGCCAGAA,,,,,,,,,,,,,,,,,,
hCoV-19/USA/WA-S19001/2022,,,,,,,,,,,,,,,,,,,GAGCCAGAA,,,,,,,,,,,,,,,,,,
hCoV-19/USA/WA-S18985/2022,,,,,,,,,,,,,,,,,,,GAGCCAGAA,,,,,,,,,,,,,,,,,,
hCoV-19/USA/WA-S19092/2022,,,,,,,,,,,,,,,,,,,GAGCCAGAA,,,,,,,,,,,,,,,,,,
hCoV-19/USA/WA-S19051/2022,,,,,,,,,,,,,,,,,,,GAGCCAGAA,,,,,,,,,,,,,,,,,,
hCoV-19/USA/WA-S19088/2022,,,,,,,,,,,,,,,,,,,GAGCCAGAA,,,,,,,,,,,,,,,,,,
hCoV-19/USA/WA-CDC-UW22022598944/2022,,,,,,,,,,,,,,,,,,,GAGCCAGAA,,,,,,,,,,,,,,,,,,
hCoV-19/USA/WA-CDC-UW22030343082/2022,,,,,,,,,,,,,,,,,,,GAGCCAGAA,,,,,,,,,,,,,,,,,,
hCoV-19/USA/WA-S17015/2022,,,,,,,,,,,,,,,,,,,GAGCCAGAA,,,,,,,,,,,,,,,,,,
hCoV-19/USA/WA-S19073/2022,,,,,,,,,,,,,,,,,,,GAGCCAGAA,,,,,,,,,,,,,,,,,,
hCoV-19/USA/WA-S19107/2022,,,,,,,,,,,,,,,,,,,GAGCCAGAA,,,,,,,,,,,,,,,,,,
hCoV-19/USA/WA-S19071/2022,,,,,,,,,,,,,,,,,,,GAGCCAGAA,,,,,,,,,,,,,,,,,,
hCoV-19/USA/WA-S19154/2022,,,,,,,,,,,,,,,,,,,GAGCCAGAA,,,,,,,,,,,,,,,,,,
hCoV-19/USA/WA-S19093/2022,,,,,,,,,,,,,,,,,,,GAGCCAGAA,,,,,,,,,,,,,,,,,,
hCoV-19/USA/WA-CDC-UW22022269818/2022,,,,,,,,,,,,,,,,,,,GAGCCAGAA,,,,,,,,,,,,,,,,,,
hCoV-19/USA/WA-PHL-021238/2022,,,,,,,,,,,,,,,,,,,GAGCCAGAA,,,,,,,,,,,,,,,,,,
hCoV-19/USA/WA-CDC-LC0639135/2022,,,,,,,,,,,,,,,,,,,,TGGCTGAGCCGG,,,,,,,,,,,,,,,,,
hCoV-19/USA/WA-S13205/2021,,,,,,,,,,,,,,,,,,,,,,,T,,,,,,,,,,,,,,
hCoV-19/USA/WA-CDC-UW21060464453/2021,,,,,,,,,,,,,,,,,,,,,,,,GTTTTA,,,,,,,,,,,,,
hCoV-19/USA/WA-S3732/2020,,,,,,,,,,,,,,,,,,,,,,,,,TG,,,,,,,,,,,,
hCoV-19/USA/WA-S21864/2022,,,,,,,,,,,,,,,,,,,,,,,,,T,,,,,,,,,,,,
hCoV-19/USA/WA-S5898/2021,,,,,,,,,,,,,,,,,,,,,,,,,,AACA,,,,,,,,,,,
hCoV-19/USA/WA-S8072/2021,,,,,,,,,,,,,,,,,,,,,,,,,,AACA,,,,,,,,,,,
hCoV-19/USA/WA-S8525/2021,,,,,,,,,,,,,,,,,,,,,,,,,,AACA,,,,,,,,,,,
hCoV-19/USA/WA-UW-2021041357624/2021,,,,,,,,,,,,,,,,,,,,,,,,,,AACA,,,,,,,,,,,
hCoV-19/USA/WA-CDC-UW21052555592/2021,,,,,,,,,,,,,,,,,,,,,,,,,,AACA,,,,,,,,,,,
hCoV-19/USA/WA-CDC-UW21060297715/2021,,,,,,,,,,,,,,,,,,,,,,,,,,AACA,,,,,,,,,,,
hCoV-19/USA/WA-PHL-001042/2021,,,,,,,,,,,,,,,,,,,,,,,,,,,AAAC,,,,,,,,,,
hCoV-19/USA/WA-S11633/2021,,,,,,,,,,,,,,,,,,,,,,,,,,,T,,,,,,,,,,
hCoV-19/USA/WA-S4179/2021,,,,,,,,,,,,,,,,,,,,,,,,,,,,,A,,,,,,,,
hCoV-19/USA/WA-S6102/2021,,,,,,,,,,,,,,,,,,,,,,,,,,,,,A,,,,,,,,
hCoV-19/USA/WA-S3561/2021,,,,,,,,,,,,,,,,,,,,,,,,,,,,,CAAAAA,,,,,,,,
hCoV-19/USA/WA-S5728/2021,,,,,,,,,,,,,,,,,,,,,,,,,,,,,CAAAAA,,,,,,,,
hCoV-19/USA/WA-S4543/2021,,,,,,,,,,,,,,,,,,,,,,,,,,,,,AA,,,,,,,,
hCoV-19/USA/WA-S3494/2020,,,,,,,,,,,,,,,,,,,,,,,,,,,,,CAA,,,,,,,,
hCoV-19/USA/WA-S3667/2021,,,,,,,,,,,,,,,,,,,,,,,,,,,,,CAA,,,,,,,,
hCoV-19/USA/WA-S3731/2020,,,,,,,,,,,,,,,,,,,,,,,,,,,,,CAA,,,,,,,,
hCoV-19/USA/WA-S3790/2021,,,,,,,,,,,,,,,,,,,,,,,,,,,,,CAA,,,,,,,,
hCoV-19/USA/WA-S3748/2020,,,,,,,,,,,,,,,,,,,,,,,,,,,,,CAA,,,,,,,,
hCoV-19/USA/WA-S5891/2021,,,,,,,,,,,,,,,,,,,,,,,,,,,,,CAA,,,,,,,,
hCoV-19/USA/WA-S5890/2021,,,,,,,,,,,,,,,,,,,,,,,,,,,,,CAA,,,,,,,,
hCoV-19/USA/WA-S5893/2021,,,,,,,,,,,,,,,,,,,,,,,,,,,,,CAA,,,,,,,,
hCoV-19/USA/WA-S6910/2021,,,,,,,,,,,,,,,,,,,,,,,,,,,,,CAA,,,,,,,,
hCoV-19/USA/WA-S5947/2021,,,,,,,,,,,,,,,,,,,,,,,,,,,,,CAA,,,,,,,,
hCoV-19/USA/WA-S6127/2021,,,,,,,,,,,,,,,,,,,,,,,,,,,,,CAA,,,,,,,,
hCoV-19/USA/WA-S3757/2020,,,,,,,,,,,,,,,,,,,,,,,,,,,,,CGGTCT,,,,,,,,
hCoV-19/USA/WA-S6092/2021,,,,,,,,,,,,,,,,,,,,,,,,,,,,,AAA,,,,,,,,
hCoV-19/USA/WA-S21089/2022,,,,,,,,,,,,,,,,,,,,,,,,,,,,,,,,,G,,,,
hCoV-19/USA/WA-S20960/2022,,,,,,,,,,,,,,,,,,,,,,,,,,,,,,,,,,,T,,
hCoV-19/USA/WA-S20265/2022,,,,,,,,,,,,,,,,,,,,,,,,,,,,,,,,,,,T,,
hCoV-19/USA/WA-S3566/2021,,,,,,,,,,,,,,,,,,,,,,,,,,,,,,,,,,,,A,
hCoV-19/USA/WA-S5231/2020,,,,,,,,,,,,,,,,,,,,,,,,,,,,,,,,,,,,CAAAAAAAAAAAAAAAAAA,
hCoV-19/USA/WA-S5347/2020,,,,,,,,,,,,,,,,,,,,,,,,,,,,,,,,,,,,AAAAAAAAAAAAAAA,
hCoV-19/USA/WA-S5358/2020,,,,,,,,,,,,,,,,,,,,,,,,,,,,,,,,,,,,AAAAA,
hCoV-19/USA/WA-UW-27498/2020,,,,,,,,,,,,,,,,,,,,,,,,,,,,,,,,,,,,,AAAAAAAAAAAAAAAAAA
hCoV-19/USA/WA-UW-26858/2020,,,,,,,,,,,,,,,,,,,,,,,,,,,,,,,,,,,,,AAAAAAAAAAAAAAAAAA
hCoV-19/USA/WA-S3925/2020,,,,,,,,,,,,,,,,,,,,,,,,,,,,,,,,,,,,,AA
