strain,insertion: 9bp @ ref pos 11092,insertion: 9bp @ ref pos 11277,insertion: 9bp @ ref pos 11282,insertion: 6bp @ ref pos 21648,insertion: 6bp @ ref pos 21716,insertion: 9bp @ ref pos 21772,insertion: 6bp @ ref pos 21928,insertion: 9bp @ ref pos 21950,insertion: 6bp @ ref pos 21965,insertion: 3bp @ ref pos 21991,insertion: 6bp @ ref pos 22016,insertion: 157bp @ ref pos 22033,insertion: 9bp @ ref pos 22204,insertion: 3bp @ ref pos 25699,insertion: 7bp @ ref pos 28074,insertion: 6bp @ ref pos 28241,insertion: 2bp @ ref pos 28251,insertion: 4bp @ ref pos 28262,insertion: 9bp @ ref pos 28286,insertion: 9bp @ ref pos 28360,insertion: 499bp @ ref pos 29372,insertion: 495bp @ ref pos 29377,insertion: 26bp @ ref pos 29528,insertion: 146bp @ ref pos 29599,insertion: 178bp @ ref pos 29686,insertion: 180bp @ ref pos 29693,insertion: 97bp @ ref pos 29811,insertion: 23bp @ ref pos 29903
hCoV-19/USA/WA-CDC-UW21122883381/2021,,TACTAGTTT,,,,,,,,,,,,,,,,,,,,,,,,,,
hCoV-19/USA/WA-S3296/2020,,,GTTTGTCTG,,,,,,,,,,,,,,,,,,,,,,,,,
hCoV-19/USA/WA-S3278/2020,,,GTTTGTCTG,,,,,,,,,,,,,,,,,,,,,,,,,
hCoV-19/USA/WA-S6095/2021,,,,,,C,,,,,,,,,,,,,,,,,,,,,,
hCoV-19/USA/WA-Altius-ALTCOV-6ZIQ7VFI6SGGSJXM/2021,,,,,,C,,,,,,,,,,,,,,,,,,,,,,
hCoV-19/USA/WA-S6119/2021,,,,,,C,,,,,,,,,,,,,,,,,,,,,,
hCoV-19/USA/WA-S7562/2021,,,,,,C,,,,,,,,,,,,,,,,,,,,,,
hCoV-19/USA/WA-S6944/2021,,,,,,C,,,,,,,,,,,,,,,,,,,,,,
hCoV-19/USA/WA-S7577/2021,,,,,,C,,,,,,,,,,,,,,,,,,,,,,
hCoV-19/USA/WA-PHL-000286/2021,,,,,,C,,,,,,,,,,,,,,,,,,,,,,
hCoV-19/USA/WA-S7617/2021,,,,,,C,,,,,,,,,,,,,,,,,,,,,,
hCoV-19/USA/WA-S8194/2021,,,,,,C,,,,,,,,,,,,,,,,,,,,,,
hCoV-19/USA/WA-S8189/2021,,,,,,C,,,,,,,,,,,,,,,,,,,,,,
hCoV-19/USA/WA-S8195/2021,,,,,,C,,,,,,,,,,,,,,,,,,,,,,
hCoV-19/USA/WA-S8284/2021,,,,,,C,,,,,,,,,,,,,,,,,,,,,,
hCoV-19/USA/WA-S7533/2021,,,,,,C,,,,,,,,,,,,,,,,,,,,,,
hCoV-19/USA/WA-CDC-QDX26257921/2021,,,,,,C,,,,,,,,,,,,,,,,,,,,,,
hCoV-19/USA/WA-S8285/2021,,,,,,C,,,,,,,,,,,,,,,,,,,,,,
hCoV-19/USA/WA-S6225/2021,,,,,,C,,,,,,,,,,,,,,,,,,,,,,
hCoV-19/USA/WA-S8274/2021,,,,,,C,,,,,,,,,,,,,,,,,,,,,,
hCoV-19/USA/WA-S6118/2021,,,,,,C,,,,,,,,,,,,,,,,,,,,,,
hCoV-19/USA/WA-S6219/2021,,,,,,C,,,,,,,,,,,,,,,,,,,,,,
hCoV-19/USA/WA-S6100/2021,,,,,,C,,,,,,,,,,,,,,,,,,,,,,
hCoV-19/USA/WA-S6116/2021,,,,,,C,,,,,,,,,,,,,,,,,,,,,,
hCoV-19/USA/WA-S7488/2021,,,,,,C,,,,,,,,,,,,,,,,,,,,,,
hCoV-19/USA/WA-S7523/2021,,,,,,C,,,,,,,,,,,,,,,,,,,,,,
hCoV-19/USA/WA-S6921/2021,,,,,,C,,,,,,,,,,,,,,,,,,,,,,
hCoV-19/USA/WA-S8296/2021,,,,,,C,,,,,,,,,,,,,,,,,,,,,,
hCoV-19/USA/WA-S8840/2021,,,,,,C,,,,,,,,,,,,,,,,,,,,,,
hCoV-19/USA/WA-S5913/2021,,,,,,C,,,,,,,,,,,,,,,,,,,,,,
hCoV-19/USA/WA-S5903/2021,,,,,,C,,,,,,,,,,,,,,,,,,,,,,
hCoV-19/USA/WA-S5904/2021,,,,,,C,,,,,,,,,,,,,,,,,,,,,,
hCoV-19/USA/WA-Altius-ALTCOV-OCGW6VAIYIZDVJA5/2021,,,,,,C,,,,,,,,,,,,,,,,,,,,,,
hCoV-19/USA/WA-S9739/2021,,,,,,C,,,,,,,,,,,,,,,,,,,,,,
hCoV-19/USA/WA-S8823/2021,,,,,,C,,,,,,,,,,,,,,,,,,,,,,
hCoV-19/USA/WA-S8280/2021,,,,,,C,,,,,,,,,,,,,,,,,,,,,,
hCoV-19/USA/WA-S7616/2021,,,,,,C,,,,,,,,,,,,,,,,,,,,,,
hCoV-19/USA/WA-S5914/2021,,,,,,C,,,,,,,,,,,,,,,,,,,,,,
hCoV-19/USA/WA-S9482/2021,,,,,,C,,,,,,,,,,,,,,,,,,,,,,
hCoV-19/USA/WA-S10400/2021,,,,,,C,,,,,,,,,,,,,,,,,,,,,,
hCoV-19/USA/WA-S8839/2021,,,,,,C,,,,,,,,,,,,,,,,,,,,,,
hCoV-19/USA/WA-S8191/2021,,,,,,C,,,,,,,,,,,,,,,,,,,,,,
hCoV-19/USA/WA-UW-68535/2021,,,,,,C,,,,,,,,,,,,,,,,,,,,,,
hCoV-19/USA/WA-UW-68810/2021,,,,,,C,,,,,,,,,,,,,,,,,,,,,,
hCoV-19/USA/WA-UW-21041225505/2021,,,,,,C,,,,,,,,,,,,,,,,,,,,,,
hCoV-19/USA/WA-CDC-UW21042687076/2021,,,,,,C,,,,,,,,,,,,,,,,,,,,,,
hCoV-19/USA/WA-CDC-UW21050335391/2021,,,,,,C,,,,,,,,,,,,,,,,,,,,,,
hCoV-19/USA/WA-CDC-UW21042727079/2021,,,,,,C,,,,,,,,,,,,,,,,,,,,,,
hCoV-19/USA/WA-CDC-UW21061810728/2021,,,,,,C,,,,,,,,,,,,,,,,,,,,,,
hCoV-19/USA/WA-UW-21043084507/2021,,,,,,C,,,,,,,,,,,,,,,,,,,,,,
hCoV-19/USA/WA-UW-21043052528/2021,,,,,,C,,,,,,,,,,,,,,,,,,,,,,
hCoV-19/USA/WA-UW-21060703779/2021,,,,,,C,,,,,,,,,,,,,,,,,,,,,,
hCoV-19/USA/WA-CDC-UW21052640899/2021,,,,,,C,,,,,,,,,,,,,,,,,,,,,,
hCoV-19/USA/WA-UW-21050177832/2021,,,,,,C,,,,,,,,,,,,,,,,,,,,,,
hCoV-19/USA/WA-UW-21050326815/2021,,,,,,C,,,,,,,,,,,,,,,,,,,,,,
hCoV-19/USA/WA-CDC-UW21061455504/2021,,,,,,C,,,,,,,,,,,,,,,,,,,,,,
hCoV-19/USA/WA-UW-21042800996/2021,,,,,,C,,,,,,,,,,,,,,,,,,,,,,
hCoV-19/USA/WA-UW-21042266196/2021,,,,,,C,,,,,,,,,,,,,,,,,,,,,,
hCoV-19/USA/WA-CDC-LC0056354/2021,,,,,,C,,,,,,,,,,,,,,,,,,,,,,
hCoV-19/USA/WA-UW-21052896603/2021,,,,,,C,,,,,,,,,,,,,,,,,,,,,,
hCoV-19/USA/WA-UW-21042119341/2021,,,,,,C,,,,,,,,,,,,,,,,,,,,,,
hCoV-19/USA/WA-UW-68888/2021,,,,,,C,,,,,,,,,,,,,,,,,,,,,,
hCoV-19/USA/WA-CDC-LC0072895/2021,,,,,,C,,,,,,,,,,,,,,,,,,,,,,
hCoV-19/USA/WA-S9307/2021,,,,,,C,,,,,,,,,,,,,,,,,,,,,,
hCoV-19/USA/WA-S5893/2021,,,,,,C,,,,,,,,,,,,,,,,,,,,CAAA,,
hCoV-19/USA/WA-S6123/2021,,,,,,C,,,,,,,,,,,,,,,,,,,,A,,
hCoV-19/USA/WA-S6124/2021,,,,,,C,,,,,,,,,,,,,,,,CAA,,,,,,
hCoV-19/USA/WA-S5873/2021,,,,,,C,,,,,,,,,,,,,,,,CAA,,,,,,
hCoV-19/USA/WA-S6910/2021,,,,,,C,,,,,,,,,,,,,,,,,,,,,,
hCoV-19/USA/WA-S6938/2021,,,,,,C,,,,,,,,,,,,,,,,,,,,,,
hCoV-19/USA/WA-S8824/2021,,,,,,C,,,,,,,,,,,,,,,,,,,,,,
hCoV-19/USA/WA-S9555/2021,,,,,,C,,,,,,,,,,,,,,,,,,,,,,
hCoV-19/USA/WA-S9251/2021,,,,,,C,,,,,,,,,,,,,,,,,,,,,,
hCoV-19/USA/WA-CDC-UW21081443374/2021,,,,,,,,,,ACT,,,,,,,,,,,,,,,,,,
hCoV-19/USA/WA-USAFSAM-S11446/2021,,,,,,,,,,,,,GAGCCAGAA,,,,,,,,,,,,,,,
hCoV-19/USA/WA-S15824/2021,,,,,,,,,,,,,GAGCCAGAA,,,,,,,,,,,,,,,
hCoV-19/USA/WA-CDC-ASC210736740/2022,,,,,,,,,,,,,GAGCCAGAA,,,,,,,,,,,,,,,
hCoV-19/USA/WA-S16417/2022,,,,,,,,,,,,,GAGCCAGAA,,,,,,,,,,,,,,,
hCoV-19/USA/WA-S17251/2022,,,,,,,,,,,,,GAGCCAGAA,,,,,,,,,,,,,,,
hCoV-19/USA/WA-S17212/2022,,,,,,,,,,,,,GAGCCAGAA,,,,,,,,,,,,,,,
hCoV-19/USA/WA-S17700/2022,,,,,,,,,,,,,GAGCCAGAA,,,,,,,,,,,,,,,
hCoV-19/USA/WA-S15774/2021,,,,,,,,,,,,,GAGCCAGAA,,,,,,,,,,,,,,,
hCoV-19/USA/WA-S15773/2021,,,,,,,,,,,,,GAGCCAGAA,,,,,,,,,,,,,,,
hCoV-19/USA/WA-S15881/2021,,,,,,,,,,,,,GAGCCAGAA,,,,,,,,,,,,,,,
hCoV-19/USA/WA-S20786/2022,,,,,,,,,,,,,GAGCCAGAA,,,,,,,,,,,,,,,
hCoV-19/USA/WA-S15867/2021,,,,,,,,,,,,,GAGCCAGAA,,,,,,,,,,,,,,,
hCoV-19/USA/WA-CDC-4482119-001/2021,,,,,,,,,,,,,GAGCCAGAA,,,,,,,,,,,,,,,
hCoV-19/USA/WA-CDC-4482114-001/2021,,,,,,,,,,,,,GAGCCAGAA,,,,,,,,,,,,,,,
hCoV-19/USA/WA-S16696/2022,,,,,,,,,,,,,GAGCCAGAA,,,,,,,,,,,,,,,
hCoV-19/USA/WA-S17714/2022,,,,,,,,,,,,,GAGCCAGAA,,,,,,,,,,,,,,,
hCoV-19/USA/WA-S16494/2022,,,,,,,,,,,,,GAGCCAGAA,,,,,,,,,,,,,,,
hCoV-19/USA/WA-S19092/2022,,,,,,,,,,,,,GAGCCAGAA,,,,,,,,,,,,,,,
hCoV-19/USA/WA-S18445/2022,,,,,,,,,,,,,GAGCCAGAA,,,,,,,,,,,,,,,
hCoV-19/USA/WA-S19061/2022,,,,,,,,,,,,,GAGCCAGAA,,,,,,,,,,,,,,,
hCoV-19/USA/WA-S18976/2022,,,,,,,,,,,,,GAGCCAGAA,,,,,,,,,,,,,,,
hCoV-19/USA/WA-S19460/2022,,,,,,,,,,,,,GAGCCAGAA,,,,,,,,,,,,,,,
hCoV-19/USA/WA-S19417/2022,,,,,,,,,,,,,GAGCCAGAA,,,,,,,,,,,,,,,
hCoV-19/USA/WA-S15871/2021,,,,,,,,,,,,,GAGCCAGAA,,,,,,,,,,,,,,,
hCoV-19/USA/WA-S16025/2021,,,,,,,,,,,,,GAGCCAGAA,,,,,,,,,,,,,,,
hCoV-19/USA/WA-S17249/2022,,,,,,,,,,,,,GAGCCAGAA,,,,,,,,,,,,,,,
hCoV-19/USA/WA-S18576/2022,,,,,,,,,,,,,GAGCCAGAA,,,,,,,,,,,,,,,
hCoV-19/USA/WA-S15994/2021,,,,,,,,,,,,,GAGCCAGAA,,,,,,,,,,,,,,,
hCoV-19/USA/WA-S17274/2022,,,,,,,,,,,,,GAGCCAGAA,,,,,,,,,,,,,,,
hCoV-19/USA/WA-S18642/2022,,,,,,,,,,,,,GAGCCAGAA,,,,,,,,,,,,,,,
hCoV-19/USA/WA-S15931/2021,,,,,,,,,,,,,GAGCCAGAA,,,,,,,,,,,,,,,
hCoV-19/USA/WA-S18548/2022,,,,,,,,,,,,,GAGCCAGAA,,,,,,,,,,,,,,,
hCoV-19/USA/WA-PHL-012930/2022,,,,,,,,,,,,,GAGCCAGAA,,,,,,,,,,,,,,,
hCoV-19/USA/WA-PHL-014323/2022,,,,,,,,,,,,,GAGCCAGAA,,,,,,,,,,,,,,,
hCoV-19/USA/WA-PHL-013712/2022,,,,,,,,,,,,,GAGCCAGAA,,,,,,,,,,,,,,,
hCoV-19/USA/WA-PHL-014634/2022,,,,,,,,,,,,,GAGCCAGAA,,,,,,,,,,,,,,,
hCoV-19/USA/WA-PHL-014705/2022,,,,,,,,,,,,,GAGCCAGAA,,,,,,,,,,,,,,,
hCoV-19/USA/WA-PHL-013656/2022,,,,,,,,,,,,,GAGCCAGAA,,,,,,,,,,,,,,,
hCoV-19/USA/WA-S15875/2021,,,,,,,,,,,,,GAGCCAGAA,,,,,,,,,,,,,,,
hCoV-19/USA/WA-S16712/2022,,,,,,,,,,,,,GAGCCAGAA,,,,,,,,,,,,,,,
hCoV-19/USA/WA-S19455/2022,,,,,,,,,,,,,GAGCCAGAA,,,,,,,,,,,,,,,
hCoV-19/USA/WA-S15894/2021,,,,,,,,,,,,,GAGCCAGAA,,,,,,,,,,,,,,,
hCoV-19/USA/WA-PHL-009509/2021,,,,,,,,,,,,,GAGCCAGAA,,,,,,,,,,,,,,,
hCoV-19/USA/WA-PHL-011575/2022,,,,,,,,,,,,,GAGCCAGAA,,,,,,,,,,,,,,,
hCoV-19/USA/WA-PHL-014489/2022,,,,,,,,,,,,,GAGCCAGAA,,,,,,,,,,,,,,,
hCoV-19/USA/WA-PHL-010280/2022,,,,,,,,,,,,,GAGCCAGAA,,,,,,,,,,,,,,,
hCoV-19/USA/WA-PHL-014889/2022,,,,,,,,,,,,,GAGCCAGAA,,,,,,,,,,,,,,,
hCoV-19/USA/WA-PHL-012937/2022,,,,,,,,,,,,,GAGCCAGAA,,,,,,,,,,,,,,,
hCoV-19/USA/WA-PHL-016564/2021,,,,,,,,,,,,,GAGCCAGAA,,,,,,,,,,,,,,,
hCoV-19/USA/WA-PHL-010402/2022,,,,,,,,,,,,,GAGCCAGAA,,,,,,,,,,,,,,,
hCoV-19/USA/WA-PHL-011798/2022,,,,,,,,,,,,,GAGCCAGAA,,,,,,,,,,,,,,,
hCoV-19/USA/WA-PHL-013250/2022,,,,,,,,,,,,,GAGCCAGAA,,,,,,,,,,,,,,,
hCoV-19/USA/WA-S15876/2021,,,,,,,,,,,,,GAGCCAGAA,,,,,,,,,,,,,,,
hCoV-19/USA/WA-S18525/2022,,,,,,,,,,,,,GAGCCAGAA,,,,,,,,,,,,,,,
hCoV-19/USA/WA-PHL-012090/2022,,,,,,,,,,,,,GAGCCAGAA,,,,,,,,,,,,,,,
hCoV-19/USA/WA-S18543/2022,,,,,,,,,,,,,GAGCCAGAA,,,,,,,,,,,,,,,
hCoV-19/USA/WA-S16011/2021,,,,,,,,,,,,,GAGCCAGAA,,,,,,,,,,,,,,,
hCoV-19/USA/WA-PHL-009534/2021,,,,,,,,,,,,,GAGCCAGAA,,,,,,,,,,,,,,,
hCoV-19/USA/WA-CDC-QDX33873848/2022,,,,,,,,,,,,,GAGCCAGAA,,,,,,,,,,,,,,,
hCoV-19/USA/WA-CDC-QDX34634366/2022,,,,,,,,,,,,,GAGCCAGAA,,,,,,,,,,,,,,,
hCoV-19/USA/WA-PHL-011761/2022,,,,,,,,,,,,,GAGCCAGAA,,,,,,,,,,,,,,,
hCoV-19/USA/WA-PHL-014026/2022,,,,,,,,,,,,,GAGCCAGAA,,,,,,,,,,,,,,,
hCoV-19/USA/WA-PHL-013677/2022,,,,,,,,,,,,,GAGCCAGAA,,,,,,,,,,,,,,,
hCoV-19/USA/WA-CDC-QDX34165013/2022,,,,,,,,,,,,,GAGCCAGAA,,,,,,,,,,,,,,,
hCoV-19/USA/WA-PHL-015526/2022,,,,,,,,,,,,,GAGCCAGAA,,,,,,,,,,,,,,,
hCoV-19/USA/WA-PHL-015338/2022,,,,,,,,,,,,,GAGCCAGAA,,,,,,,,,,,,,,,
hCoV-19/USA/WA-PHL-014546/2022,,,,,,,,,,,,,GAGCCAGAA,,,,,,,,,,,,,,,
hCoV-19/USA/WA-CDC-QDX33873844/2022,,,,,,,,,,,,,GAGCCAGAA,,,,,,,,,,,,,,,
hCoV-19/USA/WA-S16020/2021,,,,,,,,,,,,,GAGCCAGAA,,,,,,,,,,,,,,,
hCoV-19/USA/WA-S15992/2021,,,,,,,,,,,,,GAGCCAGAA,,,,,,,,,,,,,,,
hCoV-19/USA/WA-S17243/2022,,,,,,,,,,,,,GAGCCAGAA,,,,,,,,,,,,,,,
hCoV-19/USA/WA-S16127/2022,,,,,,,,,,,,,GAGCCAGAA,,,,,,,,,,,,,,,
hCoV-19/USA/WA-PHL-012041/2022,,,,,,,,,,,,,GAGCCAGAA,,,,,,,,,,,,,,,
hCoV-19/USA/WA-S16682/2022,,,,,,,,,,,,,GAGCCAGAA,,,,,,,,,,,,,,,
hCoV-19/USA/WA-PHL-012435/2022,,,,,,,,,,,,,GAGCCAGAA,,,,,,,,,,,,,,,
hCoV-19/USA/WA-S15984/2021,,,,,,,,,,,,,GAGCCAGAA,,,,,,,,,,,,,,,
hCoV-19/USA/WA-S16015/2021,,,,,,,,,,,,,GAGCCAGAA,,,,,,,,,,,,,,,
hCoV-19/USA/WA-PHL-008396/2021,,,,,,,,,,,,,GAGCCAGAA,,,,,,,,,,,,,,,
hCoV-19/USA/WA-PHL-008277/2021,,,,,,,,,,,,,GAGCCAGAA,,,,,,,,,,,,,,,
hCoV-19/USA/WA-PHL-009195/2021,,,,,,,,,,,,,GAGCCAGAA,,,,,,,,,,,,,,,
hCoV-19/USA/WA-CDC-LC0445345/2021,,,,,,,,,,,,,GAGCCAGAA,,,,,,,,,,,,,,,
hCoV-19/USA/WA-CDC-LC0451055/2021,,,,,,,,,,,,,GAGCCAGAA,,,,,,,,,,,,,,,
hCoV-19/USA/WA-CDC-LC0451129/2021,,,,,,,,,,,,,GAGCCAGAA,,,,,,,,,,,,,,,
hCoV-19/USA/WA-CDC-LC0483431/2022,,,,,,,,,,,,,GAGCCAGAA,,,,,,,,,,,,,,,
hCoV-19/USA/WA-CDC-LC0534810/2022,,,,,,,,,,,,,GAGCCAGAA,,,,,,,,,,,,,,,
hCoV-19/USA/WA-CDC-LC0568169/2022,,,,,,,,,,,,,GAGCCAGAA,,,,,,,,,,,,,,,
hCoV-19/USA/WA-CDC-LC0538128/2022,,,,,,,,,,,,,GAGCCAGAA,,,,,,,,,,,,,,,
hCoV-19/USA/WA-CDC-LC0555728/2022,,,,,,,,,,,,,GAGCCAGAA,,,,,,,,,,,,,,,
hCoV-19/USA/WA-CDC-UW22021461451/2022,,,,,,,,,,,,,GAGCCAGAA,,,,,,,,,,,,,,,
hCoV-19/USA/WA-CDC-UW22030558867/2022,,,,,,,,,,,,,GAGCCAGAA,,,,,,,,,,,,,,,
hCoV-19/USA/WA-CDC-UW22022830442/2022,,,,,,,,,,,,,GAGCCAGAA,,,,,,,,,,,,,,,
hCoV-19/USA/WA-S20812/2022,,,,,,,,,,,,,GAGCCAGAA,,,,,,,,,,,,,,,
hCoV-19/USA/WA-CDC-UW22021419935/2022,,,,,,,,,,,,,GAGCCAGAA,,,,,,,,,,,,,,,
hCoV-19/USA/WA-S17445/2022,,,,,,,,,,,,,GAGCCAGAA,,,,,,,,,,,,,,,
hCoV-19/USA/WA-S18547/2022,,,,,,,,,,,,,GAGCCAGAA,,,,,,,,,,,,,,,
hCoV-19/USA/WA-S18065/2022,,,,,,,,,,,,,GAGCCAGAA,,,,,,,,,,,,,,,
hCoV-19/USA/WA-PHL-015177/2022,,,,,,,,,,,,,GAGCCAGAA,,,,,,,,,,,,,,,
hCoV-19/USA/WA-S15841/2021,,,,,,,,,,,,,GAGCCAGAA,CCC,,,,,,,,,,,,,,
hCoV-19/USA/WA-S15863/2021,,,,,,,,,,,,,GAGCCAGAA,,,,,,,,,,,,,,,
hCoV-19/USA/WA-ASU58498/2022,,,,,,,,,,,,,GAGCCAGAA,,,,,,,,,,,,,,,
hCoV-19/USA/WA-PHL-013681/2022,,,,,,,,,,,,,GAGCCAGAA,,,,,,,,,,,,,,,
hCoV-19/USA/WA-PHL-013866/2022,,,,,,,,,,,,,GAGCCAGAA,,,,,,,,,,,,,,,
hCoV-19/USA/WA-PHL-011398/2022,,,,,,,,,,,,,GAGCCAGAA,,,,,,,,,,,,,,,
hCoV-19/USA/WA-PHL-012867/2022,,,,,,,,,,,,,GAGCCAGAA,,,,,,,,,,,,,,,
hCoV-19/USA/WA-PHL-017089/2022,,,,,,,,,,,,,GAGCCAGAA,,,,,,,,,,,,,,,
hCoV-19/USA/WA-PHL-016888/2022,,,,,,,,,,,,,GAGCCAGAA,,,,,,,,,,,,,,,
hCoV-19/USA/WA-S18981/2022,,,,,,,,,,,,,GAGCCAGAA,,,,,,,,,,,,,,,
hCoV-19/USA/WA-S19153/2022,,,,,,,,,,,,,GAGCCAGAA,,,,,,,,,,,,,,,
hCoV-19/USA/WA-CDC-UW22031492918/2022,,,,,,,,,,,,,GAGCCAGAA,,,,,,,,,,,,,,,
hCoV-19/USA/WA-S18629/2022,,,,,,,,,,,,,GAGCCAGAA,,,,,,,,,,,,,,,
hCoV-19/USA/WA-S18607/2022,,,,,,,,,,,,,GAGCCAGAA,,,,,,,,,,,,,,,
hCoV-19/USA/WA-S18582/2022,,,,,,,,,,,,,GAGCCAGAA,,,,,,,,,,,,,,,
hCoV-19/USA/WA-S18585/2022,,,,,,,,,,,,,GAGCCAGAA,,,,,,,,,,,,,,,
hCoV-19/USA/WA-S18586/2022,,,,,,,,,,,,,GAGCCAGAA,,,,,,,,,,,,,,,
hCoV-19/USA/WA-S18623/2022,,,,,,,,,,,,,GAGCCAGAA,,,,,,,,,,,,,,,
hCoV-19/USA/WA-S18590/2022,,,,,,,,,,,,,GAGCCAGAA,,,,,,,,,,,,,,,
hCoV-19/USA/WA-S18608/2022,,,,,,,,,,,,,GAGCCAGAA,,,,,,,,,,,,,,,
hCoV-19/USA/WA-S18613/2022,,,,,,,,,,,,,GAGCCAGAA,,,,,,,,,,,,,,,
hCoV-19/USA/WA-S19064/2022,,,,,,,,,,,,,GAGCCAGAA,,,,,,,,,,,,,,,
hCoV-19/USA/WA-UW-22022342411/2022,,,,,,,,,,,,,GAGCCAGAA,,,,,,,,,,,,,,,
hCoV-19/USA/WA-PHL-015667/2022,,,,,,,,,,,,,GAGCCAGAA,,,,,,,,,,,,,,,
hCoV-19/USA/WA-PHL-021320/2022,,,,,,,,,,,,,GAGCCAGAA,,,,,,,,,,,,,,,
hCoV-19/USA/WA-UW-22030542942/2022,,,,,,,,,,,,,GAGCCAGAA,,,,,,,,,,,,,,,
hCoV-19/USA/WA-S17551/2022,,,,,,,,,,,,,GAGCCAGAA,,,,,,,,,,,,,,,
hCoV-19/USA/WA-S19091/2022,,,,,,,,,,,,,GAGCCAGAA,,,,,,,,,,,,,,,
hCoV-19/USA/WA-UW-21110257741/2021,,,,,,,,,,,,,,CCC,,,,,,,,,,,,,,
hCoV-19/USA/WA-CDC-UW21060469783/2021,,,,,,,,,,,,,,,,GTTTTA,,,,,,,,,,,,
hCoV-19/USA/WA-S12517/2021,,,,,,,,,,,,,,,,GTTTTA,,,,,,,,,,,,
hCoV-19/USA/WA-UW-21071221897/2021,,,,,,,,,,,,,,,,GTTTTA,,,,,,,,,,,,
hCoV-19/USA/WA-S3732/2020,,,,,,,,,,,,,,,,,TG,,,,,,,,,,,
hCoV-19/USA/WA-CDC-UW21071588002/2021,,,,,,,,,,,,,,,,,,AACA,,,,,,,,,,
hCoV-19/USA/WA-UW-21050322448/2021,,,,,,,,,,,,,,,,,,AACA,,,,,,,,,,
hCoV-19/USA/WA-S8156/2021,,,,,,,,,,,,,,,,,,AACA,,,,,,,,,,
hCoV-19/USA/WA-PHL-000796/2021,,,,,,,,,,,,,,,,,,AACA,,,,,,,,,,
hCoV-19/USA/WA-S8971/2021,,,,,,,,,,,,,,,,,,AACA,,,,,,,,,,
hCoV-19/USA/WA-S6829/2021,,,,,,,,,,,,,,,,,,AACA,,,,,,,,,,
hCoV-19/USA/WA-Altius-ALTCOV-K3AJD2XF2RRLLSXR/2021,,,,,,,,,,,,,,,,,,AACA,,,,,,,,,,
hCoV-19/USA/WA-Altius-ALTCOV-7DYMMKKPBPITZZUM/2021,,,,,,,,,,,,,,,,,,AACA,,,,,,,,,,
hCoV-19/USA/WA-CDC-LC0070059/2021,,,,,,,,,,,,,,,,,,AACA,,,,,,,,,,
hCoV-19/USA/WA-CDC-2-4504089/2021,,,,,,,,,,,,,,,,,,AACA,,,,,,,,,,
hCoV-19/USA/WA-CDC-UW21043035217/2021,,,,,,,,,,,,,,,,,,AACA,,,,,,,,,,
hCoV-19/USA/WA-CDC-LC0072923/2021,,,,,,,,,,,,,,,,,,AACA,,,,,,,,,,
hCoV-19/USA/WA-S9301/2021,,,,,,,,,,,,,,,,,,AACA,,,,,,,,,,
hCoV-19/USA/WA-CDC-FG-037184/2021,,,,,,,,,,,,,,,,,,AACA,,,,,,,,,,
hCoV-19/USA/WA-CDC-UW22030396033/2022,,,,,,,,,,,,,,,,,,,,GGT,,,,,,,,
hCoV-19/USA/WA-Curative-237854/2022,,,,,,,,,,,,,,,,,,,,GGCGC,,,,,,,,
hCoV-19/USA/WA-UW-22061263574/2022,,,,,,,,,,,,,,,,,,,,G,,,,,,,,
hCoV-19/USA/WA-PHL-028879/2020,,,,,,,,,,,,,,,,,,,,GGAGAACGC,,,,,,,,
hCoV-19/USA/WA-S9086/2020,,,,,,,,,,,,,,,,,,,,,A,,,,,,,
hCoV-19/USA/WA-S5868/2021,,,,,,,,,,,,,,,,,,,,,CGA,,,,,,,
hCoV-19/USA/WA-S3779/2021,,,,,,,,,,,,,,,,,,,,,,A,,,,,,
hCoV-19/USA/WA-S14335/2021,,,,,,,,,,,,,,,,,,,,,,,,GG,,,,
hCoV-19/USA/WA-S6092/2021,,,,,,,,,,,,,,,,,,,,,,,,,,A,,
hCoV-19/USA/WA-S4974/2021,,,,,,,,,,,,,,,,,,,,,,,,,,A,,
hCoV-19/USA/WA-S3731/2020,,,,,,,,,,,,,,,,,,,,,,,,,,AAA,,
hCoV-19/USA/WA-S6911/2021,,,,,,,,,,,,,,,,,,,,,,,,,,AAA,,
hCoV-19/USA/WA-S5775/2021,,,,,,,,,,,,,,,,,,,,,,,,,,AAA,,
hCoV-19/USA/WA-S6113/2021,,,,,,,,,,,,,,,,,,,,,,,,,,AAA,,
hCoV-19/USA/WA-S3566/2021,,,,,,,,,,,,,,,,,,,,,,,,,,,A,
hCoV-19/USA/WA-S4009/2021,,,,,,,,,,,,,,,,,,,,,,,,,,,A,
hCoV-19/USA/WA-S4698/2021,,,,,,,,,,,,,,,,,,,,,,,,,,,A,
hCoV-19/USA/WA-S3919/2021,,,,,,,,,,,,,,,,,,,,,,,,,,,A,
hCoV-19/USA/WA-S3781/2021,,,,,,,,,,,,,,,,,,,,,,,,,,,A,
hCoV-19/USA/WA-S5394/2020,,,,,,,,,,,,,,,,,,,,,,,,,,,A,
hCoV-19/USA/WA-S6109/2021,,,,,,,,,,,,,,,,,,,,,,,,,,,A,
hCoV-19/USA/WA-OHSU-10228/2021,,,,,,,,,,,,,,,,,,,,,,,,,,,A,
hCoV-19/USA/WA-S3494/2020,,,,,,,,,,,,,,,,,,,,,,,,,,,CA,
hCoV-19/USA/WA-S3657/2021,,,,,,,,,,,,,,,,,,,,,,,,,,,CA,
hCoV-19/USA/WA-S3512/2020,,,,,,,,,,,,,,,,,,,,,,,,,,,CA,
hCoV-19/USA/WA-S3733/2020,,,,,,,,,,,,,,,,,,,,,,,,,,,CA,
hCoV-19/USA/WA-S3762/2020,,,,,,,,,,,,,,,,,,,,,,,,,,,CA,
hCoV-19/USA/WA-S3780/2021,,,,,,,,,,,,,,,,,,,,,,,,,,,CA,
hCoV-19/USA/WA-S3729/2020,,,,,,,,,,,,,,,,,,,,,,,,,,,CA,
hCoV-19/USA/WA-S6102/2021,,,,,,,,,,,,,,,,,,,,,,,,,,,CA,
hCoV-19/USA/WA-S3414/2020,,,,,,,,,,,,,,,,,,,,,,,,,,,CA,
hCoV-19/USA/WA-S5110/2021,,,,,,,,,,,,,,,,,,,,,,,,,,,AAAATTAATTTTAGTAGTGCTATCCCCATGTGAA,
hCoV-19/USA/WA-S5195/2021,,,,,,,,,,,,,,,,,,,,,,,,,,,AAAATTAATTTTAGTAGTGCTATCCC,
hCoV-19/USA/WA-UW-27499/2020,,,,,,,,,,,,,,,,,,,,,,,,,,,,AAAAAAAAAAAAAAAAAA
hCoV-19/USA/WA-UW-27033/2020,,,,,,,,,,,,,,,,,,,,,,,,,,,,AAAAAAAAAAAAAAAAAA
hCoV-19/USA/WA-UW-26860/2020,,,,,,,,,,,,,,,,,,,,,,,,,,,,AAAAAAAAAAAAAAAAAA
hCoV-19/USA/WA-UW-27032/2020,,,,,,,,,,,,,,,,,,,,,,,,,,,,AAAAAA
hCoV-19/USA/WA-S5076/2021,,,,,,,,,,,,,,,,,,,,,,,,,,,,TGCTATCCCCATGTGATTTTAAT
hCoV-19/USA/WA-UW-26862/2020,,,,,,,,,,,,,,,,,,,,,,,,,,,,AAAAAAAAAAAAAAAAAAAA
hCoV-19/USA/WA-S3925/2020,,,,,,,,,,,,,,,,,,,,,,,,,,,,AA
